Depth,Picea,Pinus,Alnus,Betula,Quercus,Ambrosia,Chenopodiaceae,Synth_0,Synth_1,Synth_2,Synth_3,Synth_4,Synth_5,Synth_6,Synth_7,Synth_8,Synth_9,Synth_10,Synth_11,Synth_12,Synth_13,Synth_14,Synth_15,Synth_16,Synth_17,Synth_18,Synth_19,Synth_20,Synth_21,Synth_22,Synth_23,Synth_24,Synth_25,Synth_26,Synth_27,Synth_28,Synth_29,Synth_30,Synth_31,Synth_32,Synth_33,Synth_34,Synth_35,Synth_36,Synth_37,Synth_38,Synth_39,Synth_40,Synth_41,Synth_42,Synth_43,Synth_44,Synth_45,Synth_46,Synth_47,Synth_48,Synth_49,Synth_50,Synth_51,Synth_52,Synth_53,Synth_54,Synth_55,Synth_56,Synth_57,Synth_58,Synth_59,Synth_60,Synth_61,Synth_62,Synth_63,Synth_64,Synth_65,Synth_66,Synth_67,Synth_68,Synth_69,Synth_70,Synth_71,Synth_72,Synth_73,Synth_74,Synth_75,Synth_76,Synth_77,Synth_78,Synth_79,Synth_80,Synth_81,Synth_82,Synth_83,Synth_84,Synth_85,Synth_86,Synth_87,Synth_88,Synth_89,Synth_90,Synth_91,Synth_92,Synth_93,Synth_94,Synth_95,Synth_96,Synth_97,Synth_98,Synth_99
570,16.71232877,53.69863013,1.917808219,8.219178082,1.369863014,1.369863014,1.095890411,7.3249659954560755,7.389658267579158,2.357526484446089,1.6136650525632765,1.6060023777584012,4.871213938319351,3.3200450008183533,5.765888541615804,2.6335739114706933,2.6036373211120183,2.718024046019164,3.977618954201418,2.890890229540861,1.9851018773402294,1.9440514352657212,5.780423164733045,3.8584850819989778,1.6619495950109229,2.9979082377793107,5.821134462367863,2.4716262537544322,1.9807694346872824,4.784154388450618,0.7515335817469904,1.618574437092453,5.661020397572104,5.502726782596568,1.7587607147157902,5.080373278572237,3.956986262941964,0.6433180936311462,2.9819113382231794,1.5321576209222674,7.088301177418115,1.6860300478484331,3.6397360060955815,3.0142561463857103,3.181315234486032,3.3491975000878353,1.2753077608194445,0.08141723290355335,3.814151563545547,2.087927897297642,3.28012294069213,3.771120518758662,5.5761995727970115,2.989934792444976,0.6080135143230795,0.7858899837920037,2.7314696554181532,2.8911334760576826,1.224846663133989,4.439772734751839,1.1910025809422504,1.3640529270142603,1.4291698059728524,4.320071452300508,1.3734293495715333,5.874925781204995,6.583928144212585,5.324209122736376,1.5633581838651414,7.875183975986325,2.562872720147915,1.5820573171995553,2.242615621626851,2.364180497299911,0.7395775630431822,1.8929906093849882,2.8605846906397487,4.6496636760327075,1.8036244161220465,3.193039747859175,2.6367844076115197,1.5342855646577507,3.582133550415567,4.732950151053505,3.7675040717387227,1.6276972778828476,4.163790192316533,3.027909491170716,4.275697344992558,0.990672628853455,5.771053981935472,5.628470903191177,4.483878694852921,2.259927564554123,1.5638043742040053,6.402629458956726,4.828325649865157,5.362995640824741,6.025476859444508,2.8194139999049455,0.7384420867445638,1.7462488078461225,1.5203166688572913,3.9027818118172886,1.0879132508201332,5.847396831596686,3.8752893344182144
580,13.89728097,62.23564955,0.604229607,10.57401813,0.604229607,1.510574018,0.0,8.168965917053297,7.793239733342974,2.4854375537328153,1.4868276670426186,1.7111133533669842,5.487569429228856,3.2571577346108653,6.088162404014326,2.654046545797356,2.8583971946470816,2.821317685613196,4.656074181425064,2.81933840275075,2.090120465535698,2.1848413423846207,6.171461899875842,3.6343425962439158,1.7520172825188989,3.102589206840069,5.7009726354714605,2.4531951910452974,2.0757646748639735,4.733242839895606,0.7488212636516205,1.5174302865689084,5.650479472907584,5.846555383641908,1.8374743684882116,4.955416683737157,4.105391355626582,0.6461336410296952,2.648364533196759,1.6884455065873119,6.938220205732189,1.9016542348094654,3.6025265701086897,3.0782619679863528,3.122600997135837,3.392399173817277,1.1815612982195491,0.0833565249038045,4.180682680878706,2.1108906337003948,3.1442862182895026,4.130497110245741,5.592027984877328,3.3261729185921007,0.5960178842746914,0.7834642792239911,2.7125627030302266,2.863570366293289,1.2357827889454456,4.149650599216907,1.1646269572862424,1.3924959285437108,1.3751392733649617,3.9649186567796852,1.388954385067728,5.846390450099256,6.433398539823509,5.355050154824423,1.6420731965155686,8.462782238214407,2.6688611218432983,1.6842652942677705,2.2696007516859296,2.406171935070481,0.7331777949367971,1.7605710669580688,2.6869711812255317,4.24272128430554,1.8934773551664947,3.3629493525556526,2.957654223677572,1.5550233576903745,3.674170926810894,4.969789869521021,3.8041194824812674,1.6467494052573046,4.162561399150079,2.959132331369892,4.085409140721613,0.9878656326016646,5.644370165242152,5.638797408898075,4.511553184570384,2.3542189897687256,1.642499505026958,6.789759780708994,4.8270789825839735,5.982858142199863,5.592812759491794,2.897902654363687,0.7508801160799419,1.771247192798825,1.5922380069189703,3.766477752336618,1.1213928875843067,5.880725582248983,3.7944063619284245
590,14.00560224,59.3837535,0.56022409,9.523809524,1.120448179,0.56022409,0.280112045,10.294702879912542,9.100455487134406,2.5237298004253916,1.4827718535567853,1.7357226378511448,6.514420502437836,3.1999855576848306,6.596428486843979,2.684854356157759,3.2337829845060972,2.949268310836024,5.406231216640782,3.0970048268953954,2.1530131367431067,2.564665596614179,7.477232462361702,3.7413626054285674,1.789849172167059,3.1311743626360133,5.808341315813684,2.4467982749949466,2.1237755074784017,4.700584336756198,0.744878316970188,1.5079541495693287,5.67119660103698,7.324105278683571,1.877685612695486,4.952204619418239,4.702466931842864,0.6483160564464997,2.4940008143319186,1.7760637766864504,6.747116312524367,2.2227859295381798,3.5377429827989784,3.0993735727895,3.028631710792638,3.7911206038306418,1.1718367886254493,0.08476332988654803,4.51701354741034,2.151860651447653,3.0999161749815323,4.8795511947482675,5.64170207172274,3.9788515996156675,0.5835460488529267,0.7822404316028105,2.796564155844744,2.8009711060208624,1.2410042652911473,4.010449262840805,1.1390599741599152,1.4264627909200018,1.3151068978763627,3.8217335316516,1.40858839213327,5.890734240486113,6.238666213598723,5.295612237387143,1.7089731855027679,10.252703952925504,2.842039029909341,1.75661660884714,2.386671266889224,2.4056793107206027,0.7296921617373748,1.797105362689807,2.7001956237999374,4.121209504525886,1.9500762239405394,3.544531945998235,3.4044962424538836,1.5872769958384445,4.060021432684544,5.912603593046711,3.7899262588978067,1.663097579790813,4.52196907106315,2.8692212716552876,4.0552226819182495,0.9839566924051414,5.437616325644062,5.536321775905675,4.510203952637751,2.615032217440694,1.6818970184520512,7.315259419592036,4.993785905871458,7.747282291489899,5.42108882831495,3.1882334268397385,0.7455961016578802,1.7992581319517782,1.6237923765571407,3.949575152913281,1.1449855211282058,6.3536011440160145,3.9202508255578032
600,12.14788732,52.81690141,5.545774648,13.20422535,1.848591549,0.0,0.792253521,8.37713990440955,7.701750035064524,2.3860625870221885,1.5441687621633022,1.6732806710196986,5.420987392459923,3.2162197688191463,6.0459437743761635,2.5711083600067584,2.7685994566251315,2.8864639598829025,4.490715031738378,2.791463061938561,2.1361207077032325,2.1143775580505766,6.236346804336263,3.6069589376285496,1.7130444031980292,3.012200222164501,5.652461705481288,2.4870886032024355,2.0402375971702145,4.768894534222847,0.7442835703356294,1.5605170073115422,5.742000080178652,6.035756808270668,1.8022204918788045,4.9706264177448745,4.033815925707346,0.6488315726643706,2.6803971566914844,1.6887022660982076,6.868530032169844,1.8384532612270594,3.426247779078593,3.0223619262049874,3.049469124552023,3.318500914182413,1.2256246299269504,0.08618614751790976,4.08498353239777,2.1514048163197765,3.155155593070545,4.0467415207620405,5.5005484121920825,3.242882204760511,0.599268004433059,0.7834739112051959,2.787665380109098,2.7925379192314015,1.2342767675714952,4.174195800356502,1.1837780149134896,1.3874549142274875,1.3656573461744077,4.012371891856873,1.4098983350914331,5.931970857193912,6.413912651006252,5.306462643572091,1.6916841162244565,8.427523940648356,2.586700867150773,1.679671922795447,2.2925597972927525,2.2418049474620085,0.7317977550286139,1.790128498654237,2.7919055950010496,4.282978005645495,1.9437499641286697,3.2751711986139433,2.9099536214815047,1.5945527102043946,3.5971523276273416,4.846227299147724,3.6608178816702615,1.6616242430108277,4.031714861913343,2.8379038260886325,4.008663339243688,0.9831340868240012,5.439631958066999,5.527103642636904,4.402001763000525,2.3057440868654875,1.6747720260321122,6.769188177628381,4.767719191031761,6.259139883668377,5.659336477147983,2.83828979892332,0.7293068567675973,1.7521535895434825,1.5850083844528844,3.794732873857485,1.1491681938923,5.844651796324573,3.8585607357447342
610,16.69435216,55.31561462,0.996677741,9.219269103,0.996677741,0.249169435,0.249169435,8.269040769013253,8.225230463321088,2.3879143682122623,1.600195145040995,1.6842553167269343,5.521573819500586,3.1407637765323866,5.822471996972432,2.5266097340990905,3.0056592004007108,3.0669574049620185,5.032985229418383,3.1467486783488186,2.2282523549018056,2.347567437836269,6.426410723621707,3.948110629188693,1.7530615781828585,2.890765881391509,5.807036149321033,2.5338902232966194,2.1298369093665053,4.423851238807931,0.7397292213095822,1.5924859860461864,5.2985917791652035,6.3306133484580975,1.850476557972599,4.914207070494019,4.496176600295154,0.6500428441003158,2.5392529575553984,1.8103461474818212,6.37304692232595,2.0332323439467195,3.1626603279199226,3.072045573390289,2.737351852259193,3.7141264212888068,1.2518732896229474,0.088055872426889,4.510438137769428,2.2044562323448877,3.0723555120828596,4.449107963490113,5.140285265282582,3.6575218634019273,0.5893020733869387,0.7820966841266664,2.944347127058124,2.580497534814216,1.2401012545256513,3.906684871124366,1.168259348629368,1.4135144188193578,1.3117871687310365,3.8870879491178556,1.4302298962347721,5.574214016168112,5.894518213969868,5.047603213215578,1.7680911883292374,8.91040735977843,2.6933963692424028,1.7567955516555467,2.5882997723421513,2.1286125597779466,0.7271051169381317,1.887403909129496,2.9745638439924726,4.3597622436549015,2.024431487923596,3.3629334575768413,3.241418503245418,1.666699041539124,3.947102988746405,5.517734642973741,3.5193205014161824,1.7068182830173457,4.373248796179256,2.62077796393205,3.967793435219469,0.9786945366990591,4.784101305203366,4.941590319184331,3.979768666773734,2.5292232477508696,1.7170831113033393,6.593044521437864,4.450997943692987,6.487322351545407,5.267810896767212,3.1988905799674785,0.716752332875679,1.8047410592228594,1.6198542898735497,4.027394492056361,1.1760676806033574,5.863337849106256,4.0923977294781215
620,10.0,56.11111111,3.888888889,13.33333333,0.833333333,0.833333333,0.555555556,7.601141358156894,7.369644525480245,2.3401323003288597,1.5538654739353446,1.7294365478790164,5.065185052862275,3.142643907001278,5.804373143886837,2.473572275816939,2.774257607872251,3.128037019359351,4.750232913201277,2.844062645271011,2.375628642843454,2.1008499623547396,5.87156314715286,3.765406672981804,1.7252428597045717,2.874391510112491,5.911160032767268,2.547225368281893,2.0723106630517742,4.802337938803017,0.7388792030568645,1.5615651755106226,5.534780035488531,5.6424184790487075,1.8136085434061855,5.1274953432660375,4.149222606395716,0.6515243765095258,2.5469881782062016,1.8377421076715783,6.425066913216346,1.8512421014896885,3.0978234138867613,3.0314593191064882,2.7945876620338415,3.3932799911451794,1.227312522833351,0.08936502383254007,4.6072720446711735,2.2111221934504828,3.1853815367521694,3.995506378405275,5.138913709170193,3.2731299326418966,0.595564629971342,0.7821347065438797,2.936894571207568,2.642615896383737,1.2390245178316845,3.9951025551031343,1.1866031290866337,1.3980462946430625,1.3316115546369323,3.8658867864877986,1.4352565410308722,5.769593147525079,6.090217227672063,5.3607563534740255,1.8561474705143373,7.900539266443064,2.5446698853909626,1.7353748390482993,2.5089441351315287,2.0528914599900356,0.7263895646396902,1.781980344601276,3.0219236036468735,4.21982602012204,2.1438394789102806,3.2615071690435204,3.126596639054191,1.7418241999544417,3.692807306978997,4.760116193112405,3.4614166189188955,1.6995262236204938,3.9361178591261274,2.6168945527428327,3.8020173381179405,0.9776815903834806,4.860120449686868,5.044554370946846,3.962542851647261,2.3511729694956927,1.7921907396857308,6.7498875995682095,4.368290883385892,5.8859934277209724,5.392947322548319,2.896258616798698,0.7142161782643651,1.7584583068477428,1.6386423474429712,3.809063030204792,1.211439677157079,5.594353717438512,3.9735765122148976
630,15.02835539,55.0094518,0.283553875,11.05860113,1.984877127,0.283553875,0.56710775,7.6789214384221935,7.669876757786726,2.2347384731297506,1.596656034286453,1.676502410312263,4.979494481288588,3.0754936720907775,5.541012913187154,2.4705701816044217,3.1752867854516675,3.218414367732013,5.122507820902357,3.216123677851122,2.3872745711436316,2.443938021231377,5.96390595985555,3.990214112305617,1.6917299957683656,2.6401072979717815,5.905374933054858,2.5213988837532253,2.066629198846393,4.416460463554891,0.7357454939420426,1.5896204016205082,5.109311206146142,5.738315898265503,1.7797588434209881,4.918142297630986,4.602042059946648,0.652775904990126,2.3939185355855,1.828840445057372,5.981940370696679,2.1729475324633993,2.8798716015470585,2.984293995108972,2.5303097669174344,3.8537836360911975,1.253682017096689,0.09174501973161414,4.554411509185063,2.2504184690379176,3.0383630532601664,4.574839298123431,4.908477557211534,3.836055772849313,0.5815553384986341,0.7822335376040868,3.045052916012423,2.4455289948919634,1.2375628302293424,3.7184331340857986,1.1528290671050812,1.4375341172164715,1.2627615338462312,3.7143503969213723,1.449957848927588,5.425719235025015,5.6592202410470325,5.0627584316502645,1.9093104368361697,8.562166762991474,2.7267200311125754,1.7296885568840124,2.55901273730765,1.9938602919229416,0.7255918194257102,1.895883584373771,3.083566021562981,4.267662405279084,2.1576140083314295,3.430377386278142,3.490808737157356,1.7588784611322135,3.9761020837112144,5.593378278067072,3.2175269269360354,1.7278270982996087,4.3417741581081275,2.430038471354016,3.569320551067954,0.9745823497806742,4.309146720574308,4.482863482259884,3.6189773061661157,2.641534926950369,1.799361972901533,6.498588729533579,4.178563303424943,5.758011682985824,4.894325124668577,3.2835042420112903,0.7014528482758897,1.7364252918577396,1.6213509339435581,4.019990049927472,1.2216630898114234,5.488707764157387,4.173582226355201
640,10.42253521,59.43661972,1.408450704,12.95774648,1.690140845,0.281690141,0.281690141,8.782672224810707,8.409550250919917,2.2588989872285086,1.6406578790467352,1.6828463378159095,5.438461171994013,3.022396973876317,5.905661166816036,2.4936355616327956,3.488221418144552,3.3024866926768874,5.69552441561216,3.575464509873651,2.4480740086720125,2.7414494996440424,6.7053682781257375,4.1797966913633795,1.7186009839003777,2.6509384832497744,6.138380069456584,2.4986770300138743,2.0877879826448407,4.5419416252596445,0.7342376320549776,1.6224622580835037,5.139616699165571,6.2888750610610975,1.8137442811871531,5.065092290747695,5.196122226537095,0.655288614177351,2.3664576137650237,1.8945419681104192,5.831672801183713,2.450086270603643,2.8281570072676825,2.971649127484206,2.4757117896423417,4.3551699506310415,1.2875026320703509,0.09154114362663929,4.688372180632909,2.2705282083721894,3.113022144524306,5.118691275688319,4.94742508969925,4.338575589527368,0.5734537461481309,0.7809182906682766,3.129859199012495,2.4128937786907523,1.2429293950215028,3.749608487958344,1.1284386827186863,1.4652794467731962,1.215973653127874,3.707849676351774,1.460914624121729,5.460135532143502,5.550312054881259,5.069850650364785,1.9725890548485019,9.557627865587182,2.817791297410516,1.772278114162193,2.7016927389999332,1.9604480099001838,0.7216731834092,1.999829177642623,3.224256237805621,4.259156176822486,2.208317305826679,3.540433631918976,3.8610667313527194,1.8105696317148332,4.417993419282316,6.294648862795956,3.2245040213762635,1.7350932914868165,4.68696248697302,2.3702708364880896,3.645775348998258,0.972998294116036,4.175733447187369,4.414986260929878,3.608710034608741,2.9197785578611923,1.8237619706932122,6.89842426352749,4.341077289893056,6.239587034159554,5.005502898916104,3.584409137635987,0.6879849430821743,1.7749478164591515,1.6448852243343584,4.228386057178635,1.244439555746518,5.882514704101156,4.290298002529102
650,10.35474593,56.37583893,3.451581975,11.79290508,2.588686481,0.0,0.0,8.576102734697987,9.258523319331932,2.4013712786205357,1.7529209073139929,1.675411888863054,5.86680637488274,2.981447169089963,6.06007878281339,2.45593441604038,3.4255700716434587,3.419599356244111,5.865923723471116,3.855086767010612,2.3879858969966046,2.775261381490657,6.942640075951601,4.537635666965924,1.8240335056010637,2.828228938477764,6.345167512585804,2.6008294677575075,2.2376558232356314,4.6017760853820615,0.7314919988022283,1.6970772345462537,5.342948068413987,6.627878551060709,1.9434799071657425,5.238615636043175,5.383994448526608,0.6570862176519714,2.407762540102577,2.012312634245919,5.83599312919697,2.3894697309037927,2.7833073653381346,3.0758188937848265,2.4081674124402577,4.462228193130197,1.3571501979415532,0.09002051112021918,5.212613217049885,2.3111985756723383,3.1500766022959406,5.174265902576103,4.822203294848254,4.30549092120346,0.5764221706648008,0.778102129086683,3.2649825803695722,2.3481375428698943,1.2558566198654684,3.848243248520296,1.1398126216375108,1.4636809212544204,1.2034030553366102,3.9038378205027713,1.4760030964252366,5.657540288110316,5.456316762969794,4.915762522774871,1.9182016110898863,9.627003907101306,2.736970170952202,1.9141173978905752,3.172934572270848,1.8588325923124598,0.7132834893327075,2.1236926978879205,3.3552074839143184,4.418545882819599,2.166372999548328,3.4577279177148177,3.7679734255377992,1.8035910281888712,4.654464011130365,6.503475980639912,3.385659535319644,1.7672596121247384,4.860821887074147,2.3023384354032834,4.109769360560616,0.9702913877348254,4.009911122797561,4.441979804243158,3.5958844851148872,2.932441121333146,1.7943485135666337,7.045422081737872,4.336007885879477,6.545070353441034,5.424921904815457,3.7955633212596975,0.6690453234705931,1.9170106072608002,1.6805563171407178,4.575816328924652,1.244509248228514,6.398360649833085,4.534348597086309
660,13.83363472,47.73960217,1.898734177,18.44484629,1.627486438,1.627486438,0.542495479,8.934719472546085,9.010776706238454,2.322334050146162,1.5795724953836445,1.7485645578302,5.92134869040547,2.949299256789737,5.6913278848266415,2.4142181637090743,3.7249593514869486,3.308184924559747,6.474291887301069,3.6080498733587705,2.4621408605885535,2.9704823419007873,7.058092497741563,4.168387525268898,1.8120347451219923,2.6045250251266108,5.973731511617457,2.5041460046198596,2.2840154938769164,3.9961912803411304,0.7350238423974,1.5877210155526178,4.578101282273975,6.921219365103381,1.9073104209405563,4.6895611343064925,5.329787197463162,0.6566132689292175,2.0565680977519887,2.0664529064671804,5.442999301130494,2.6392009208983236,2.5451267591161093,3.119843299475918,2.1438838018604423,4.44678705942639,1.2669817075718544,0.09414754529415496,5.307007266794781,2.265611258927321,2.8095089868654073,5.33386267080168,4.598810611441786,4.670506798237778,0.5708719315701931,0.7777471476055267,3.075282912028147,2.1585312986155887,1.2566520186620296,3.301401188163247,1.1039252561111081,1.4876475278099774,1.1701110999942759,3.383430658454367,1.4569357032375287,4.874354686068994,5.054682867908422,4.714770329805205,1.9857067110455906,10.011365056637105,2.968007572691061,1.8631555970218237,2.939006369970792,1.8265781899061602,0.7100881261660935,1.9484209749877717,3.066488084194247,4.136329704807064,2.2265509898379703,3.6648154854406543,4.094130810122157,1.789784905517419,4.528713680289892,6.741380347436506,3.095945988799406,1.8158020682909133,4.898585752750117,2.1207623324325127,3.53426531733723,0.9733448461750694,3.4788824673359864,3.8801478487891283,3.2204413315076432,3.010281078786253,1.8617194388268343,6.555791078308761,3.908539631182734,7.234004249167713,4.410309668853829,3.9006423948418214,0.6772476521131807,1.8409035576957857,1.700655122273935,4.083030028708043,1.2617317062865638,5.777633313126244,4.226968334504566
670,7.336956522,57.33695652,5.434782609,11.41304348,1.902173913,0.27173913,1.086956522,7.686376890742695,7.9100469374587306,2.113382326402125,1.628969841971578,1.6520639095292844,4.903049562479502,2.9248420979286482,5.336467373727705,2.3371335168925027,3.3050383831761865,3.4258677076970314,5.47865536453709,3.381490597881659,2.5093468799175462,2.5599828382346543,6.202056554810323,4.257112916273406,1.6715219083323896,2.399531209248157,6.134255191156615,2.5336317216740847,2.078680268412489,4.266355141670656,0.7319654122706689,1.6214568523795942,4.819663468943958,5.972444441772485,1.7591439861233853,4.863884320426453,5.041451057730624,0.6587362434548049,2.1919024684479367,1.9019702139143289,5.305092960589885,2.290593055425724,2.4433921173084086,2.922311061424604,2.147404482378751,4.0274889421572,1.3005306291563594,0.09531261036624929,5.152033944026226,2.3107985407477765,2.8997780367400527,4.811206074703149,4.431535610264032,4.142220521651275,0.5850579057214119,0.780071284338902,3.182589087943083,2.171247494761843,1.2441895224574977,3.394036944043082,1.1478745108561512,1.4570913638272935,1.1984036484465541,3.4853042149043363,1.4740112412467528,5.186233650919285,5.072487727042705,4.800409585102578,2.035860129197122,8.814485141674947,2.7221891190913725,1.7630819585247917,2.7530186026780292,1.7001520438237014,0.7155526917921419,1.9153965496243741,3.1629610366150183,4.122703367505779,2.267364750408513,3.4459368336147906,3.852371501959227,1.8295204195827008,4.131562269235673,5.999261379268617,2.8930950815971834,1.7792205838203778,4.3464429943620235,2.104820536919056,3.286738410234572,0.9703207214560208,3.457111244714043,3.7756261919615164,3.0726686606986133,2.739684621042972,1.8831130284069457,6.483062414593693,3.761089601801972,5.925911461945719,4.500701766795189,3.424101480143108,0.6624421577632521,1.7199092636548179,1.636945106520835,4.1145697759935045,1.28254846972305,5.408619605022842,4.31623214492066
680,10.00953289,49.18970448,3.145853194,18.58913251,3.717826501,0.571973308,0.285986654,6.861213824662441,7.237938444509817,2.118165366334271,1.5994695137955173,1.6184209829715681,4.64731881789633,2.921172300326772,4.83905494661135,2.3020983061554037,3.2606828438189135,3.1647186839956465,5.122654332402113,3.0596930836639986,2.3091040415782453,2.482952349834468,5.526925160228443,3.807369633938376,1.6976059374127854,2.3399456059515553,5.470161903603308,2.4941024647591963,2.1665411094570297,3.712175975576351,0.7356770745619648,1.6242477888112787,4.385581968080671,5.464898104904379,1.781683293431128,4.312738858793722,4.338436434256195,0.6587301176879498,2.0594710101853857,1.8550597017504133,5.295233498914931,2.2083172255108123,2.3577872724835864,2.9799085079886525,2.019338272011604,3.652178529946014,1.3191090654312028,0.09546117622049256,4.62703313293345,2.263197507098919,2.6064226382386817,4.39482778490427,4.301801045835484,3.7669843509410987,0.5868129260790744,0.7786038417134086,2.9914550079867026,2.041492666391452,1.2501393810779242,3.1254290738727013,1.1322228100283682,1.4592814401361487,1.1868324541407145,3.3098880430457234,1.455179696834516,4.702033283287871,4.927396320221366,4.443961575156968,1.9072689819026605,8.013581142368931,2.737982860787108,1.7378891422765075,2.5753250853974197,1.6509749077522275,0.7093688697794988,1.891411771163717,2.864864431179099,4.12500333117181,2.1140630393305972,3.440759613173477,3.4126273486758705,1.6914315471695296,3.7176364575444425,5.421667197646692,2.821685527956534,1.8215471734197657,4.243521093963478,2.009682066632589,3.185743272636402,0.9735050532732374,3.188094810412868,3.5611486895652025,2.949153741764628,2.572441516080294,1.8155360075674924,5.704758535467574,3.5139645491089713,5.587076123622129,4.028144703590215,3.41812093605921,0.6519569678101309,1.7357818781663796,1.617960519103214,3.777318417605169,1.2520970006282663,4.8885443363451575,4.087269662134631
690,9.123434705,54.47227191,1.610017889,12.07513417,2.415026834,0.268336315,0.53667263,6.890341500261139,7.410516791982708,2.049346921497005,1.6495136372081085,1.5530687825803078,4.591656254411972,2.88646285819511,4.648092109838023,2.313992509077241,3.5605876584942204,3.1885074513117564,5.173372463147969,3.2288680048560705,2.2469763466727537,2.740781413461154,5.5139183118424135,3.8248983244949826,1.6678465143465564,2.2135151281356125,5.267858454019024,2.4778139185406576,2.143111377209557,3.4418378292046024,0.7333063106917818,1.6646629172225904,4.2162839067052476,5.5958449547144715,1.7510136177908813,4.088792356795794,4.452847341699399,0.6601681881167893,2.003774119608757,1.7990971952736243,5.117452345148496,2.4289244537945045,2.2660868795021356,2.9310000835135557,1.9077662112874847,3.8180066279267786,1.3618422526001364,0.09556208437391303,4.392611933855733,2.298320099353666,2.4813997500742966,4.785322000154176,4.213328677225212,4.09876578715329,0.5799638493073361,0.7782609264666764,3.055561887645633,1.9498504926088622,1.250508707992924,2.9767580171038786,1.112435521223193,1.487390833211236,1.1449302827408896,3.2401833807399596,1.4670305356425994,4.57934084156452,4.730874760922985,4.209662813534945,1.9113906800529255,8.480092751162486,2.871090069668677,1.7276941082537705,2.5249147482147074,1.6006964893149862,0.7069950243916324,1.9892595673552813,2.813552453755793,4.155627089901814,2.075932909995607,3.5633736844540613,3.5248517327086093,1.65784180176947,3.7606660682291837,5.957240026428011,2.7026948251098513,1.8343542231756955,4.485920290944252,1.927316245843409,3.0684681247600927,0.9710764577493689,2.9641592227310096,3.3279518040045373,2.817994800938624,2.7169215787320793,1.8019467834150162,5.479203716295859,3.45796029210507,5.574628008479851,3.754155838199112,3.663871530817627,0.6360237474032329,1.7175116904463446,1.5917668782778127,3.9189574991659546,1.2558192522194835,4.787622890512962,4.233193469544872
700,6.284153005,54.91803279,3.005464481,13.66120219,1.366120219,0.0,0.273224044,6.8583110055613,7.55536120225223,2.0813665259594423,1.7525331518758036,1.5614076950420697,4.657075757987544,2.8795141954498793,4.763868808775869,2.31596103785841,3.623806390611821,3.256261842484575,5.2990175444642365,3.3838677227183336,2.3185549408838395,2.7738931504620457,5.577992747778107,3.973872619248758,1.6943509409602864,2.2527036864846988,5.469402172170673,2.4987335455650617,2.157282725792395,3.5667608533759863,0.7323055853177673,1.7482681111996234,4.287810033800515,5.631333239352138,1.7875475728354342,4.275577463868173,4.551645175290981,0.6617959192872094,2.1126663104349186,1.8541485582817496,5.115717314618715,2.4684078538622822,2.2342026958044943,2.9436056059097964,1.8980783233115883,3.989930848607555,1.4496436847498686,0.09332110726108687,4.513889001909555,2.317431541704577,2.606747549233086,4.7991379962897405,4.249057455878587,4.097455127517504,0.5807016483814131,0.7765859859516997,3.154653975574777,1.9612686791722909,1.2574412734932428,3.1029818231638444,1.1081007003483763,1.49653673388741,1.132268929792755,3.3601737614817813,1.4733068311577393,4.652534025349427,4.755914360396297,4.280563666941079,1.9770423027451982,8.466228099853097,2.87649084151786,1.757956221850531,2.68714211944348,1.5257354180989318,0.7011292701862913,2.129297784325298,3.0344329594006076,4.293512329863603,2.1458008041674663,3.573115903458938,3.5591523765797928,1.7287506039642209,3.938126519908378,5.962262249283722,2.762378297888396,1.839737739694744,4.63141866156236,1.9092468925406179,3.2563535220867212,0.9699170089877139,2.9198044025074656,3.332334829815559,2.8137332919146663,2.814954955938847,1.8367219495742964,5.60295233979269,3.541210686742509,5.601503696346835,3.981384229151418,3.813992884772249,0.6153284702969033,1.7729394178452933,1.6189341501441823,4.067847452272562,1.2879485923341745,4.974729967603115,4.349940128641226
710,9.217877095,53.91061453,3.072625698,12.29050279,1.955307263,0.279329609,0.558659218,6.002539535406316,7.11799215981877,2.0010290076537576,1.8385638130486146,1.5058858284889547,4.1706270966565295,2.837099758858885,4.352593972093319,2.278180301780863,3.692253012729637,3.3436923350245342,5.07366202973334,3.478527854904063,2.321727276150419,2.805304024021277,4.97497753676199,4.08318980006181,1.659498432741111,2.0990193872494265,5.3251236139103195,2.5190169240910008,2.1213280996471555,3.3096160949977937,0.729905490929053,1.8108958680065952,4.0507767716959595,5.056396306593065,1.752109127295312,4.122467032510369,4.444291376049586,0.6632228377279076,2.1105969560653404,1.8184229577801347,4.843667181138365,2.4946830034507474,2.0965693156533356,2.8822433307179445,1.764377759282888,3.9965287082634733,1.5126130924485952,0.0935294755496818,4.322498104397232,2.3604239685465127,2.528534327269449,4.811472549935191,4.023510885783598,4.0919362122615155,0.5818505860387374,0.7761875610806399,3.2786615178252565,1.8635927134930717,1.257994788827963,2.9647862626458075,1.1091202962156999,1.505996386901025,1.1121580690904518,3.322911677816232,1.485648151848469,4.4806772214197865,4.49739368763401,4.072671257719004,2.0170238022694793,8.009386742386676,2.8996586476050714,1.744159580757455,2.6999313796625266,1.4265601101080954,0.6984488411650424,2.23466381347267,3.108126069915963,4.3895224602184335,2.1633044722880954,3.5808479601645993,3.529596701413407,1.7454489433283493,3.858832190304364,6.007181526374518,2.624534545364232,1.8545836937485713,4.681359167791031,1.8141638522968129,3.137252103945813,0.9674790886170821,2.6661447236422227,3.0436123141536666,2.587725609523156,2.849241768617507,1.8516140357609263,5.204874956206355,3.3359893607582034,4.836820824700674,3.713054748267795,3.9287352593653315,0.5982620020022861,1.7556890450139218,1.6028602927950242,4.213942640906173,1.3078281636265887,4.65615500658379,4.552639798326359
720,4.611211573,65.91320073,1.084990958,14.64737794,0.542495479,0.27124774,0.0,8.12717577433309,8.819873611489008,2.1348600677483813,1.9414219863577504,1.5774352988188172,5.383469985786904,2.7559864752681276,5.223032473236007,2.3517040728193606,4.4434479127656745,3.529914777018896,6.650707167731715,4.28013905596334,2.5544079732930864,3.52953934292907,6.499256165047708,4.4226831960727395,1.7476374524345548,2.250560858171817,5.794799687419725,2.462470447103339,2.150490909725393,3.6901021464412596,0.7296122969567393,1.8881632987112937,4.2305129453348504,6.209836460970749,1.8579549995436704,4.570625711649096,5.69141910869741,0.6680474330561662,2.194911772271589,2.017352861247775,4.68396589251641,3.2131388684640267,2.1166227795657955,2.8665295093172247,1.7922141998394017,5.1914624632802,1.5946382678493596,0.09033545951873131,4.845281687110031,2.377039881599968,2.8260102023427702,5.955123419579239,4.190813021771924,5.188584430284083,0.5719858449327764,0.773005475777843,3.4553630229884993,1.9319706897893398,1.2726302276284538,3.1619462476662763,1.071071810159319,1.5519879472735136,1.0575757466378908,3.358809789273138,1.4973602612915726,4.6527235624354955,4.418541115738303,4.258765826847715,2.2265620804362407,9.876583866294308,3.0504438588912737,1.8488663754686627,3.1063731305553737,1.3978100533091526,0.690443947333588,2.486331911730955,3.5309365951786615,4.315793451893011,2.3626111638730447,3.7944467182849553,4.379418611998959,1.9217403525036338,4.938834790896156,7.36408436640194,2.8074316984401806,1.8381108728755373,5.408048956250627,1.8221467805367424,3.498605816635047,0.966986193989228,2.7037161648767696,3.1572540683122936,2.7010631527442457,3.5273345207137905,1.9534211084389683,6.1362769708417915,3.764776948405002,6.084954328639649,4.171505888319871,4.614591456125529,0.5805678680574784,1.869861289467401,1.6912728732792834,4.638867772920757,1.3830763012662293,5.581992182309886,4.734706305691045
730,3.797468354,51.39240506,4.810126582,14.17721519,2.025316456,0.759493671,0.506329114,8.335230454569924,8.734574244148625,2.1238848412281244,1.966683334167249,1.5743604656218626,5.376959103889995,2.775663526747734,5.511121077122623,2.3419025088085514,4.32065471639749,3.6387762733401052,6.390696856311589,4.150652430338784,2.6096006012134074,3.413301955655591,6.49247737715665,4.372654575775172,1.7322803691609432,2.288467175622023,5.908029334605237,2.491934853390761,2.090393611999149,4.058988498911407,0.728842687781413,1.9094377856454945,4.691256247880039,6.1422763082809215,1.8365219604617562,4.807101928570667,5.584180413987923,0.6690695371161397,2.2999020217595465,1.9898359618065373,4.818945569338618,3.107233366481702,2.122005672807588,2.819266643875078,1.8649092465456032,4.987705828859405,1.6187381437447517,0.08914531578334074,4.822964045307717,2.4039770882371427,2.9625859765489024,5.898105690999904,4.349757491362141,5.018614992940691,0.5826191028235697,0.7720601463824589,3.540381580215359,2.0148029841892683,1.2760446721143053,3.355529194597051,1.089903189971979,1.540200127988524,1.0752539383799455,3.4872093776687474,1.5017208626163212,5.13586402802413,4.632680290470391,4.461558297917374,2.282540235833681,9.790677013102652,2.9843664012346167,1.8450718011037879,3.0287295111711092,1.3327844707998016,0.6860622743253423,2.474162079942495,3.555037153608241,4.268774071759521,2.420105058055158,3.7559755663380683,4.344972438173656,1.956059274910683,4.833053495218795,7.029031319827456,2.8500676121044752,1.8253287523914414,5.186878791350215,1.8529574415414023,3.5330549598080783,0.9660493551783397,2.7893778703963057,3.311637937234819,2.786863964875314,3.4396872344605205,1.9976760294602722,6.589312940918497,3.9876543392996675,5.99568992041614,4.488667631299471,4.374308682404888,0.569347473783319,1.8514021747406584,1.697255386417162,4.750365741589825,1.4125185455221474,5.768322836399309,4.822974872325417
740,7.685738685,45.85824082,3.842869342,16.39624253,2.049530316,0.512382579,0.256191289,8.38743438130922,8.906102403782544,2.162361730362149,2.0348275502167747,1.6054709652140569,5.549913703125404,2.789815602519455,5.645889936396305,2.3105281969335207,4.4513623458790965,3.694349937116808,6.693004333585349,4.287689557222873,2.678916121981329,3.506201769684103,6.538654064871225,4.47689049382898,1.7775681605709563,2.2981650736610852,6.075124913224353,2.518218069087883,2.1554070508668426,4.101805434560557,0.7301663895520595,1.9720265267528632,4.6691068444357775,6.080674368868145,1.8843310863035445,4.9174559862771146,5.630701962845741,0.6686032165204246,2.329406646763143,2.064726290700698,4.785410905568368,3.2074020900840425,2.0301966482388285,2.8787921368578355,1.7862273653886533,5.188166760489583,1.6899602472994992,0.08823312108261082,4.9885063783706975,2.4028829009656456,3.0198399341505766,5.9707552025021915,4.366059784580576,5.076514930858246,0.5882644904443072,0.7698139143641999,3.6121250257306974,1.9754839331024046,1.2861878151572725,3.3925374001947324,1.087624065868769,1.5433416421115196,1.0762043487634865,3.53485913149449,1.492433904339484,5.111703831324304,4.610984579947458,4.500486313653195,2.3402989669002894,9.820660957581264,3.074838035907091,1.869090488500226,3.18055395575182,1.247075052727699,0.6774292257240946,2.5882947889963646,3.7093303888978264,4.3985299991028075,2.4891336484079774,3.8055036933696855,4.450118032341,2.0169253049820615,5.036814691899473,7.006499214734607,2.8673330821615783,1.8636395207587095,5.4293232726478955,1.7892623212135168,3.650448084026479,0.9670209235532546,2.6122436638765185,3.191009082789697,2.680332770624115,3.5867304942619653,2.04004203256477,6.713021796212386,4.0091779082376044,6.0339579789557405,4.568212989047861,4.621105273809739,0.5542624304067975,1.9092543046173454,1.7353589252611412,4.868278708774733,1.4402297700236444,5.951203223995569,4.9296607437531605
750,8.222811671,55.43766578,2.652519894,13.79310345,1.856763926,0.530503979,0.265251989,11.14414783099286,11.545769160877597,2.1998523552559703,2.1439195691108313,1.6179811320637996,6.689022270717394,2.7276414874083925,6.221307201588635,2.2981508561516426,5.1522438799891415,3.958171530191255,8.176154489486127,5.344848804912441,2.8055263835430764,4.363520767770915,8.682478376416665,4.955453314672946,1.8255253950435488,2.2816529446236946,6.443542912405727,2.5263353421490162,2.198102568982419,4.208693287078595,0.7290656631308723,2.045972166459177,4.718330405001833,8.348025499916377,1.9399591496751882,5.132343539607703,7.514727340945303,0.6707777607700324,2.3206555229505073,2.1777082900292966,4.519227630702576,3.9636932724871308,1.9229983333921592,2.872133984517136,1.6750925834161108,6.497499936759137,1.7648854028392305,0.08756804135659074,5.704535481237782,2.441042659205184,3.1092758623088024,7.931473867282547,4.307237361865108,6.952187852860067,0.5873359564986746,0.7674376848742009,3.861269758510244,1.9144103056334867,1.297238792367988,3.3788927409413976,1.074933779779246,1.5680808230978425,1.0451052651631385,3.515855787424537,1.5010287542128011,5.2207300730281645,4.378178218462622,4.446477832229714,2.4749773385180704,13.230621776371338,3.272022514397972,1.9431525739233702,3.5637767552870896,1.1667541945321365,0.6700079635151234,2.817004877646362,3.9762003859821027,4.4030069645326755,2.6054261150537985,3.960884998334724,5.617282407011448,2.123868655301866,6.147642365758513,9.880748320073195,2.8643640998818287,1.8877971662989268,6.255850182797449,1.7067121572346968,3.77560818682431,0.9657469105546788,2.401274527085234,3.0035746345610375,2.5346990084804295,4.304655001755312,2.103591643640368,7.490944565597358,4.141744064550421,8.1030737670003,4.644844320852525,5.404688292762842,0.5390154515809727,1.977853916311395,1.7826345034097542,5.542247830324985,1.4887085073392496,6.842277870171888,5.325800161440708
760,8.713692946,33.29875519,8.091286307,23.9626556,2.800829876,0.31120332,0.933609959,8.414234692253002,9.217497373447703,2.0203431612186766,2.2552361856938523,1.5860398017889639,5.092752950061342,2.813021519412125,5.238731031621038,2.1314687497545077,4.307523621596591,3.616425374365494,6.576652714183424,4.80425330086889,2.804640745313639,3.407078212666093,6.90946595098268,4.804103813659901,1.7265272922165547,2.0407741999758615,6.256978699172333,2.51836726392515,2.132943925514711,3.8929401698576216,0.7378414140142122,2.17676875557,4.107672691766106,6.531945159566481,1.8301681109898502,4.951150549584588,6.324296699371953,0.666918024437679,2.531245744090523,2.0249942955316333,4.445548240101771,3.1862903216787766,1.7297919840601117,2.8526083453774325,1.5356340952259218,5.822108332676631,1.9297865266844774,0.08871482938997982,4.8675755766787665,2.337640012415943,3.10414823007517,6.223500377659256,4.061004699097047,5.522022081609002,0.6191181059094574,0.7681376838966497,3.6818828034464812,1.8083919033075881,1.2923182596698835,3.373925925669884,1.1149410083938964,1.5037725408836617,1.1295165625902006,3.619234423829522,1.4500613592663167,4.553780206118747,4.342569116384623,4.395148911356149,2.450979145475184,10.499577297414541,3.0908837258188457,1.7328088535420378,3.2850466307051063,1.023420325965402,0.6669151855841561,2.8855226883685066,4.268599197196931,4.966250285668081,2.6163618073391817,3.6397914856782276,4.682535540349856,2.167230446908519,5.41374888670076,8.030349068214589,2.638138785723656,1.9397328899114026,5.798773499937235,1.6073107860051938,3.592517225655878,0.9734518445521022,2.1376419037038006,2.652698442424775,2.2015386616726054,3.8398304564926384,2.1083760217899488,6.270738864119421,3.639773099832779,6.101341012223346,4.454655073235846,4.941408528589011,0.5205600570943195,1.9079383612620067,1.7379578164122176,5.0471948918666865,1.491679057502375,5.885919209516491,5.0374258624162405
770,6.263048017,46.65970772,4.697286013,17.84968685,2.192066806,0.313152401,0.313152401,8.057657577838476,9.328129122508805,2.0340401086225928,2.474578052506881,1.6083782441515522,4.8364483599007775,2.8519678359587033,5.18898099975399,2.065385865795808,4.172068237925073,3.5671306222373955,6.49348072350009,5.512174774454378,2.914839659563296,3.224451084315745,7.132188075082146,5.50454791223072,1.7562392328173833,2.0116061582325884,6.861606282833331,2.543062457773982,2.1747770560554134,3.9906338509503603,0.7412976137732006,2.3477825211550076,3.9007975461960016,6.502674711371087,1.8652871823570496,5.296771184742838,6.896401533082874,0.6665784549168771,2.7778919925114276,2.069152156932287,4.391652342111423,3.0802624926954145,1.6352041332956015,2.899192014893156,1.459668958332062,6.663544745417783,2.12168553322698,0.08716980282368055,4.763747390602299,2.304253961032722,3.3591751932056257,5.973844802372232,4.018335786204669,5.4118362564053735,0.6320819746902607,0.7658650402467954,3.763986601387711,1.7721961156735053,1.3028221781523504,3.6084062846848988,1.1243484325844701,1.4871551478494804,1.1550208309710308,3.9131242397461685,1.4308453224269528,4.324465083580739,4.332007401187458,4.485185189973504,2.527353401343194,10.384289529947214,3.1050834499903246,1.7005209194029962,3.5501134469472513,0.933809102237033,0.6582078353846091,3.231781108824538,5.022224434701139,5.592408277474769,2.7208378190279676,3.5505197988008823,4.649692624627228,2.3138045256139925,5.989335994472071,8.290901864877341,2.6505581811654206,1.9837050081021892,6.340213574725731,1.5511916159600658,3.8628571024904215,0.9761689730722279,1.994369678545747,2.512603183383911,2.0547477650824,4.0873481474580675,2.1546829155309504,6.1227635522549,3.577031421855141,5.749920291958206,4.865184912720882,5.309814817516829,0.5018612231220138,1.9807955981838323,1.7734152552963085,5.301943015917095,1.5288346483171045,6.194755163766509,5.159406111451196
780,5.858170606,51.49023639,7.091469681,17.26618705,2.158273381,1.541623844,0.0,6.371110847623685,7.888539014921038,2.162947837119954,2.4326438818500224,1.7249663254117449,4.160332042173542,2.869092204577049,4.765749148263433,1.9315965272496554,3.4768024832543274,3.556512056171851,5.851779762831458,4.853753866308041,3.075287898219363,2.5950419126190565,5.948052231497435,5.470267388600496,1.8729281506543247,2.060059908999311,7.072730374828053,2.647545191692868,2.3132278422646975,4.017817559796803,0.7444535719816038,2.330483258331633,3.7067253803366547,5.271490393734246,1.9707955133297803,5.462047632920481,5.97153986666452,0.6675594966528032,2.8063434726737304,2.2466755391227884,4.321585789064589,2.486620319605692,1.5366160674273928,3.0208956437321945,1.387405391181564,5.806061136670095,2.109224886320558,0.08643749434426491,5.001165632118033,2.2737017076861816,3.428853794574039,4.774549931112521,3.767024653234589,4.318023661346317,0.6617651433851683,0.7619034067352913,3.696189163336729,1.7424058383845664,1.322809519551748,3.5954310964984275,1.17944951593094,1.4308011784726404,1.22898240355407,3.9301697464903182,1.4159396138283313,4.091562867726822,4.284155657412477,4.606895776749794,2.5631687612701985,8.25289167584075,2.8221932946989456,1.7473960770696264,3.7327751464950474,0.8400358479527708,0.6461532497256071,3.0304596652842672,5.296654676095289,5.712122214629303,2.8652645893277118,3.2696686643829853,4.071942950545346,2.418812708991494,5.444346065335339,6.537005411835513,2.711282397507846,2.0394632487011823,5.594485172570261,1.4984257398043472,3.933787459233474,0.9785307095750287,1.8669777017086733,2.421709140546108,1.8829838497427076,3.5616705692288457,2.2588448427486942,5.712227290145256,3.185285040466687,4.730054147015297,4.88138978006648,4.731564523676105,0.49800413692204587,2.064587680116271,1.8728578783065035,4.873781125095198,1.579331281301232,5.665806177435127,4.933057904170877
790,8.477666363,56.88240656,1.640838651,13.12670921,3.55515041,2.187784868,0.0,6.575847904374541,8.42448276310174,2.2978651420574874,2.259410086562696,1.7831191756752505,4.435162844340225,2.8113517116358264,4.523121921943498,1.9008178531899707,3.8786550979889807,3.6231741361389034,6.602827441723557,4.977729258831051,3.0021069486131187,3.035358867884236,6.1178380313577545,5.419299177213109,2.0186757506468065,2.0213874323343703,6.664332577911671,2.6671539162431213,2.5316984310660398,3.4669219558145734,0.7437504820966949,2.2013030923857526,3.361440980451084,5.694943336903117,2.0896155885141767,4.8954089172554385,6.268929228186574,0.6700860769553346,2.3946866523579446,2.3944665504748848,4.039906389478906,2.852725045607912,1.4417818967640106,3.1410186400734563,1.2408310070272006,5.988593145781274,1.9683006132837564,0.08761430194443721,5.2228824440836785,2.295799228654164,3.0134212036934356,5.435185713380647,3.5432901780974246,5.041436499226668,0.6576080182552011,0.7576494483876565,3.6645911283673254,1.6105065815717223,1.34531485014517,3.111444274565671,1.160570887188843,1.453552051964725,1.1897849901269757,3.5321053032994776,1.4210511673952742,3.7609123492708365,3.924438526969145,4.252104524724315,2.5456652611284802,9.109653495658955,3.0582198233438986,1.8694613582482271,3.7389325776008393,0.8125981321509277,0.6344433815968622,2.8621147484394633,4.740441173963573,5.409001867736361,2.82739494911889,3.4493726569972383,4.455571946198974,2.3082470811863733,5.4976939385810635,7.635434221810363,2.6571851858208158,2.118588492837464,5.946170112090767,1.3938252791734647,3.63945154667825,0.9773235345839947,1.6422170797787383,2.194371436161761,1.7148665989960628,3.748871085414336,2.3070383766314144,5.416699783137911,2.91796827366147,5.164632405979033,4.081900201751392,5.197853763798384,0.5022218002119743,2.1186462352950635,1.9495371506207941,4.801184997199316,1.5973821109202893,5.396597575597161,4.9576776599116315
800,2.048780488,54.73170732,3.804878049,18.43902439,2.926829268,2.341463415,0.292682927,7.074584368382668,7.986076612823563,2.4178319090342426,2.001490431862691,1.923316606833716,4.593676466641435,2.8454107048003947,4.587387698603531,1.8809365586918207,3.8456118695655883,3.4824210376185176,6.698838188117101,4.261081348822025,3.034432596790834,2.9730672141000616,6.154248977536488,4.68415651261434,2.112635004195758,2.0789930834888493,6.2311073037892015,2.622785763291429,2.6158574688609377,3.3599670359912412,0.7482783416394373,2.036396266295352,3.3029927777676202,5.838982608267451,2.140308486349567,4.570941788213603,5.695184439041757,0.6721353369170756,2.173855735638703,2.4643541454489752,4.1091692836026175,2.8452195915339025,1.437758154101608,3.229431191232657,1.2481988401238269,5.386757465828765,1.8102955563418013,0.08760436036456616,4.964220802774231,2.24805545930801,2.8190419380136595,5.241783199570454,3.644508306965583,4.918803423800511,0.6673078247567105,0.7544816379501836,3.41115278347859,1.6464154505346789,1.362667068242824,2.9266074004285203,1.1577666814074699,1.444607002396623,1.209130680240421,3.240721069535485,1.402697159061573,3.647832671505803,4.026196723183834,4.383843840629083,2.5824807227695534,9.15659288354576,3.1619663535064557,1.8800823554561148,3.265150446311363,0.8014397852795337,0.625303779388726,2.514648387572735,4.1326574243430585,4.978995771440428,2.878626348535759,3.51980902373067,4.411482750661502,2.234361445282138,4.997132476102248,7.095598133348764,2.7012908031437264,2.145770015363339,5.578926685859803,1.3990999310892942,3.3416089854402014,0.9808133062921316,1.6500349341223213,2.2483733519821394,1.721821517088889,3.5427060082569035,2.4209388377229275,5.414665820139427,2.871739806696904,5.635121386348822,3.7004123563583864,4.840271935451377,0.5087245757673626,2.090508693942435,2.032820717031365,4.224171378582595,1.6378302725466682,5.061304868105945,4.536362225005349
810,3.753910323,59.74973931,5.318039625,11.57455683,3.128258603,0.625651721,0.31282586,6.112307359729687,7.438826119637517,2.5434585487140136,2.0953655902244166,1.9425541899444578,4.211643553886031,2.8248307261600605,4.339017112131764,1.8010303756989932,3.462088759156911,3.6161651117680087,6.161521115452365,4.073172400387643,3.031575622360573,2.687182045446765,5.489034250412321,4.736771251647543,2.222268852202312,2.13134805621935,6.192094831729817,2.7638142750131274,2.7241659320456577,3.325991281284357,0.7463219906045014,2.1099077498384355,3.3260858694900857,5.239370776738548,2.2463290343546176,4.593690186263626,5.265007773272348,0.6756946636605851,2.267294081182712,2.546455085125916,4.007399604390596,2.5277762470425147,1.3880145303103213,3.295285196524935,1.210889839835975,4.943805174997167,1.8872256379489476,0.08567378286593039,4.981018559509131,2.2873514248824236,2.8234699704070487,4.8018975327606155,3.452942014323087,4.434377951588504,0.6879817879354854,0.7511745288870295,3.5412180362875634,1.6364765377549573,1.3816490533544599,2.941537058311921,1.2076558475058123,1.4109532790779316,1.2451098292846727,3.326876103308302,1.415179740896581,3.695148811981317,3.9452416675211786,4.3366909034508945,2.582988988043473,8.220910673006644,2.9848178696472116,1.981059194837341,3.397737651492731,0.7272211140027437,0.6167450636814888,2.5266091885245383,4.189900483888652,5.104569544940288,2.9118804827194857,3.310973709576636,4.071863876846408,2.248954705059135,4.691976729844978,6.469544269395996,2.7979508012179246,2.1773723086392995,5.265870534226421,1.3730218384239408,3.4899660815648366,0.9783488186518927,1.595837784290173,2.2216960596228623,1.6278846162895615,3.287834554948241,2.4732072738474415,5.212450627528366,2.70402622419731,4.998391434429105,3.737670535204877,4.6189085249374635,0.4936847567295877,2.191500001155374,2.103125772972864,4.282788580686365,1.6848655999100017,4.860183169231821,4.678114705789906
820,3.405572755,64.70588235,3.095975232,12.38390093,3.405572755,0.92879257,0.0,6.16362584238092,7.942352619148082,2.876264929587113,2.1431608358285117,2.0178516865784655,4.65697387771431,2.765911606931462,4.418675774504677,1.7697708470422469,3.471968038321907,3.769553544544929,6.50175139437598,4.07660924729624,2.974360563086517,2.81988940128117,5.5238213780128405,4.620031136221205,2.4843027326228855,2.3311395944057995,5.911200641197622,2.8783303503799846,3.008142652706117,3.212759314809486,0.7450230902700419,2.1492869504321557,3.3777877089926927,5.477070459916211,2.5069619781357955,4.479923422979563,5.116010969664729,0.6808445073693312,2.2345389701639995,2.791166653086181,3.8910977803166222,2.570641963643559,1.373468645832626,3.459642598474068,1.1783064925854994,4.808811173453374,1.9287296351172774,0.0832386501910644,5.189490291718373,2.3228201721510064,2.744619868134145,4.983606993996618,3.339081704565774,4.520323632321352,0.694758828783401,0.74614788186964,3.6573984851830037,1.6293879433939442,1.4120493056314822,2.882688633573663,1.2202750188930986,1.4073894734162438,1.2354404023226158,3.2991223401119947,1.4288730389874857,3.752115272864076,3.8055642782548462,4.201879592779358,2.5726178681829053,8.403565797244653,2.9630884461594795,2.2236772644778897,3.6875109722826624,0.6852373959692896,0.6051061579153507,2.560084643718612,4.02292065477394,5.031208426970357,2.909304875476677,3.263072320307092,4.012096002359365,2.2079291950532824,4.679975958105278,6.58423078937019,3.0436161059919904,2.2202844146767675,5.350709438102637,1.3508482934795183,3.8049907073153846,0.9764677619567681,1.5545416876748328,2.2527286983416897,1.5979079358562165,3.2837493116693066,2.5272701123924532,5.267876656950731,2.6631609410775483,5.436729577436932,3.7208882636389706,4.840079575501661,0.4819984581185553,2.4098768280360234,2.241812230785713,4.435256699064059,1.7372395002180117,4.9960277572855025,4.840015213301276
830,3.203883495,63.49514563,2.038834951,13.39805825,2.038834951,0.582524272,0.582524272,7.1165752941452185,9.290597057092755,3.011734894233047,2.285776161061051,2.0931368239867867,5.202799102819796,2.7049602226647624,4.772450666227829,1.7576564477085426,3.75419280372372,4.0520156218237435,7.39171449726571,4.878277452995976,3.1851810952035566,3.1680375826369773,6.433543409323059,5.14438385552058,2.599821273720752,2.38773533972923,6.213686350286207,2.909909534878101,3.066550278339558,3.341253412044232,0.7446309825614904,2.2597912720341493,3.3991332325826695,6.4669795532187635,2.6282974000529493,4.719716538431893,6.101124952960726,0.6859269992285435,2.34042677564634,2.978644357191753,3.643350879135977,2.94501968262625,1.3312274802331678,3.479444282002621,1.147161156876307,5.724834109257734,2.0478017365659484,0.0818659618397844,5.287974735518811,2.3505143655191096,2.9181460344584647,5.856710073251073,3.287541149897573,5.468274625460827,0.6946735880923516,0.743499723967957,3.939471710461138,1.6526893043410729,1.429729522154132,2.9796611256429566,1.2112854613511597,1.4199599798861302,1.21054694493666,3.356655212260958,1.4386692418043834,3.79637465628682,3.6578010504608853,4.29180111513077,2.827460389809924,9.926142002986031,3.0681357313520556,2.3481715535260004,4.01016194459617,0.6446807862585938,0.5992100947562768,2.793851656232582,4.383905830616337,5.118548871626178,3.1498893264308028,3.2980819175195077,4.611531197798295,2.3727477969427917,5.418581765655944,8.202066770619858,3.1586595893466938,2.2280356232852254,6.0281809177041925,1.3302188154929055,4.027010077778774,0.9753839643735494,1.5169231202855809,2.2104078172860504,1.5322240850815614,3.8072236334640848,2.700262727418833,5.701507023076055,2.734171692878443,6.187665865569096,3.909929190715601,5.498997051525391,0.4660345901877859,2.5358258613383344,2.3721562798459592,4.935624303844839,1.8558134935010049,5.547820103438388,5.178038319260562
840,1.849948613,58.89003083,6.783144913,18.80781089,0.924974306,1.541623844,0.616649538,6.031907174351881,7.700576364118556,3.1933844387650545,2.191116933443487,2.4313644999531707,4.539323344634264,2.6808741952420503,4.684965802882027,1.6480315416430136,3.105928318723098,4.277838445003181,6.887538171780572,4.075362094624673,3.874376693385635,2.5097735514996806,5.4492974481200145,4.743603985575104,2.741571023144562,2.4818629659079696,6.346806707320021,2.985771077240576,3.104146556870709,3.7271381599099067,0.7496025016932328,2.225708605189627,3.3433375365863918,5.263352312073028,2.743064206935085,5.111647454085285,5.254846956377509,0.6899574024268631,2.46304567128643,3.392457633309494,3.432426843135234,2.426469764184225,1.264002410803244,3.5475104721287263,1.1455965374795323,4.896644111460274,2.0284883319946747,0.0815043805619692,5.453860901232131,2.3058008360004987,3.205336992521422,4.740728119259672,3.1065570442376957,4.492444773656331,0.7285095991682002,0.7408161728247239,3.946457478398683,1.7469168703276103,1.4487404338762242,3.0529459021639234,1.269497544000526,1.3622641040690606,1.2954908734407886,3.2276270419090034,1.4228949967379276,3.6944623592029617,3.6249640520014443,4.887738178430785,3.284652890039315,8.00338361167477,2.7339241488359507,2.411863524691457,3.9593719048558853,0.5824183281341959,0.5927891645615214,2.524881352840496,4.680762810038123,4.870309605706666,3.809482693042543,3.0076864857975263,4.328781105148456,2.74031708381104,4.865546034680322,6.378518283519156,3.280086974054379,2.2323467752015147,5.0605779557216675,1.331708929902078,3.9479281742938532,0.9790832227404715,1.5222217383176688,2.2147803733557203,1.4222510118177596,3.367973785606241,3.116851632310693,5.829481282376386,2.5012088808533526,5.190766573613624,3.9705788651118947,4.667429026614798,0.4607651631338871,2.592781253238817,2.6292786719383,4.391397726729567,2.056497903875375,5.04537834252877,4.83829876967065
850,3.525954946,65.23016651,1.762977473,14.39764936,2.056807052,0.587659158,0.293829579,7.143056367770651,9.243617860916078,3.6535299760047337,2.343708414278106,2.8339915680225984,5.565565339385332,2.5858963237235733,5.453348863091488,1.625242771985641,3.3022062755064114,4.951188313527377,9.834710815278829,4.9455862100273995,4.81478030278303,2.762261321654627,6.675884548758557,5.3791408752875505,3.1016713633970694,2.7345885718448146,7.2382570778925786,3.055960185611335,3.3653289989672457,4.207033375574534,0.7505553017024829,2.3575774685196347,3.2926114508701856,6.121705008335777,3.126233138814025,5.935018687928357,6.7577462617194195,0.696045677704062,2.6019157014825245,4.409537789609859,3.1186571504348137,2.7838018893385508,1.221142470676995,3.7123732363194364,1.1036317339628925,6.183033990996183,2.1775265446394325,0.07950440320033567,7.528168854270538,2.3157348738303964,3.7006580780055622,5.378035206677267,2.98558157007953,5.528786529875427,0.7281784903710669,0.7364323151382288,4.365970591614858,1.786942069354518,1.4800549869657382,3.2005058954884746,1.256827040120158,1.3724174743005422,1.268750589951815,3.1967706843751436,1.4289884772811148,3.630597935236399,3.3948429630606203,5.346857960347037,3.966249968672688,9.011026580319935,2.7347216336520956,2.748728451744155,5.251684939556515,0.5456450309138762,0.5835421433990626,2.757026746188626,5.673198202702393,4.849827713192235,4.691475409221832,2.9951981281930706,5.677364223682043,3.3377285459800037,6.283233020950826,7.5019199907073695,3.6126673468019206,2.2599168307119304,5.603483598219597,1.3037701644087836,4.489435077932849,0.979046218754087,1.4725144118745928,2.182525514836497,1.35169954296819,4.095409407148924,3.527041586383552,6.950156977264655,2.518649514566296,6.35080826564213,4.339055119862831,5.43804740558168,0.4446468500552633,2.939276285321393,3.0167151197532256,4.775211457659825,2.282907314883369,5.841162554591277,5.094526565857956
860,0.918367347,55.10204082,3.979591837,20.20408163,3.979591837,0.306122449,1.224489796,7.293383999343412,9.135889543432821,3.687467145993975,2.5910508108351413,3.1056246283313516,5.4437779555783905,2.57206069021779,5.994667967612495,1.588585861083619,3.0951693952148833,5.167296644472915,10.735205368728193,5.6128644346187695,5.946050360690116,2.4960480169328374,7.1366411241928756,6.125174632748397,3.127286077231577,2.777220362734367,8.538689725021317,3.0178766951188525,3.26469544945542,5.093801827136303,0.7574483750617915,2.596518663040372,3.2057099356385494,5.830673829386379,3.1756911750081738,7.207573268141299,7.7346132915811365,0.6995094296958492,3.128112899568328,4.809453378054524,2.976289275919197,2.688846145101643,1.1991806180388798,3.677614438718149,1.1188517699630052,7.461550191350751,2.4728984670707805,0.0787470600442231,7.839018191414632,2.2471643209368812,4.669923573429321,4.99293253235189,2.97386786121695,5.47743262879417,0.7440304942176756,0.73606158292635,4.582900772864525,1.8840143219576122,1.4875286726791286,3.698766629517954,1.2615102476938944,1.3507134748615741,1.3001418874524535,3.3974459288992582,1.4041208421128426,3.4901501190164987,3.394847807571736,6.17229574060907,4.731884270878378,8.555910938965956,2.6012341343850163,2.6953809918385607,5.80611377724797,0.5126327965234344,0.5823999269297052,3.083238414574415,7.642359917236721,5.1886403195218165,5.708180437297081,2.832311924664106,6.239243089286185,4.1477901023428725,7.493472597330963,7.227790719249085,3.752299666265452,2.244791936512614,5.793395711428206,1.3189679033952963,4.8701972825976485,0.9842431425803179,1.5048028420303572,2.189689288659477,1.3140580407006286,4.593511897554354,3.83712200470045,7.706328258212752,2.5738048025908613,5.957835892812955,5.209447986771362,5.6102643222151,0.4254997523536219,3.0492471356941353,3.226910815070897,4.8657059625375805,2.4608509256719535,6.371342923391027,5.05959279190016
870,1.876955162,51.61626694,3.441084463,16.26694473,6.569343066,1.564129301,1.251303441,7.566106913779967,8.95705929786694,3.695361185591776,2.586467572941107,3.3150254927408316,5.294115411134828,2.5672830285316675,6.2813879997211775,1.5624034927964088,2.950479666531154,5.486877867257878,11.311012949471252,5.7065201955778795,6.847952364220332,2.3572068854223103,7.491163024663159,6.2749631887005135,3.150291095196119,2.7409122373760493,8.994460175629136,3.0220696591964207,3.214176774582384,5.567998633899435,0.7609185493988141,2.633187995254786,3.146006030509358,5.778856023622778,3.1742499790787644,7.644087869587157,8.655540996670439,0.7021335390959637,3.2177612918098593,4.917724684900435,2.889852237766756,2.6178453841150646,1.1911848754108516,3.6581107268008113,1.1128166262924437,7.963568907955355,2.5252779026813057,0.0801193648911418,7.020185944029537,2.2213056284606507,4.994759267878644,4.868960544476213,2.9303433325219057,5.7346441025575565,0.7570104555220492,0.7357876052145216,4.71070809205024,1.9133838563556167,1.4951412063139944,3.7785574170088325,1.2722638708113907,1.334367506433819,1.3217622472439745,3.3368346527119686,1.3914223988768608,3.4126580662216073,3.3648422526434407,6.754968406517761,5.291024745916612,8.503140984019154,2.5526225116298598,2.689163498897471,5.32269587078992,0.5020584654861463,0.5810081810777742,3.053544687980981,7.929075469926006,5.11808931898153,6.5140264630327165,2.7456039657779767,7.379298412216025,4.615933592134839,7.832908365672416,7.254309084763088,3.757826046803474,2.254297107430459,5.675348255477084,1.3187186715912165,4.615098462987692,0.98620272825122,1.502833119170992,2.1731166298163065,1.2848590987029973,4.85375100455864,3.993460549732802,8.404905233753906,2.530845724811888,5.830716406487959,5.189883277596801,5.495211931266169,0.4192083957226442,3.0270173489920045,3.3702436706585273,4.79314128238303,2.534113657435747,6.389541587381942,5.017026298294315
880,1.931330472,49.24892704,5.150214592,18.99141631,8.0472103,0.643776824,0.321888412,6.665841354230441,8.853576901123619,4.541742907133912,2.8560737680852255,3.92303838827699,5.622295989553697,2.577287127401349,6.685539879181204,1.5051218081490454,2.536538953646967,5.661656476927309,13.505439300137795,5.755159603250799,8.248870328155993,2.0279964307472587,7.393417255582831,6.933578216443224,3.776248980248216,3.310890709886184,10.883209307531557,3.2057497419703767,3.8429051103300864,6.322346350813158,0.7674801045776551,2.9049332020723226,3.0091485636897217,5.334796405490482,3.8716087893553572,9.221287030948378,8.911040308018958,0.7041973188299004,3.6231128210759262,6.748791285871567,2.945644119592344,2.210939947583931,1.2172458076859372,4.12637545744497,1.1047065286510982,8.245148330626382,2.8701918127907127,0.07780099281222352,11.585070197902372,2.1563736565346936,5.9165110837179995,4.041003659262934,2.818642305068409,4.93279930082954,0.7844194745455872,0.7311813465584912,4.798459258729829,1.914023805765119,1.5325885358356404,4.147903973541184,1.307079276011638,1.292303517224304,1.3824362844174511,3.542415033494472,1.365190686859146,3.1914416768318645,3.348038881378845,7.42889233729888,5.4026137128024825,7.249202688010665,2.337659466445234,3.0590940540536176,7.7155188911433825,0.47650225548064584,0.5695303135447038,3.297876013896593,10.225702838833165,5.595948027158369,7.489811691758451,2.4951331540170942,7.475417023895621,5.5631626629278,8.890030861516813,6.190314725283416,4.474995567267083,2.3470609560742166,5.627910738249147,1.3174721413820936,6.062104629628315,0.9907635186130144,1.4970763301113108,2.2835065828142262,1.2970102183669414,4.785232721643686,3.924943809572368,8.90665673373627,2.4197138426526985,5.816102933751983,6.120955947295295,5.694871461276484,0.4034870023171583,3.7145699089965776,3.8129635010352314,4.674285232380301,2.5358058635335032,6.846522920004791,4.922236777761421
890,1.578947368,49.89473684,1.263157895,18.94736842,13.57894737,1.263157895,1.578947368,6.880840527681468,9.638910281684055,4.633547670450887,3.0359603540063382,3.5963090727698774,6.292958089160087,2.589717688597273,6.48103915189542,1.5456472911574541,2.646916404964065,4.897991776327281,13.323768469717072,5.895429491014074,6.705735721026644,2.2097361192834755,7.81673101306067,6.01823652628745,3.8568891207065295,3.3744512352197775,8.954762405784347,3.1025750685706175,4.050253377600731,5.26085562519873,0.774580136707105,3.1244865033065903,2.81874148525999,5.914977440585904,3.99099390189411,7.652330860836533,8.136727886431377,0.7065559037905099,3.5908989429433076,6.1099746453521275,3.133235304935748,2.277713818900259,1.3104649594456512,4.206357684488761,1.1039711691302603,8.422831899966164,3.1666431726358173,0.07951609327713971,8.620164478607535,2.08427600425187,5.136304592735315,4.073320359018929,2.893730052896603,4.960894452334837,0.7832990592234131,0.7320559419423653,4.458448711470054,1.808535171522406,1.5358970357290518,4.026476530974646,1.2710559293592663,1.3000550723044932,1.3477214446884536,3.6148138769905525,1.3379268336691248,2.954473198659346,3.344159685184563,6.530892509997427,4.457483855163462,7.684384072082251,2.443832997483856,2.998810964365406,6.518330779182749,0.5092157781163347,0.5707010891682446,3.7126751845818733,8.271829492885521,6.009007610870279,6.221035437675597,2.477656118995761,6.5985656077860995,4.674138639269892,8.527146921716529,6.632042949332952,4.622915218202311,2.387667304290158,6.526597397115118,1.3223954290278273,6.449238604185826,0.99558220628921,1.504019112025237,2.333285412024742,1.4042977468287845,4.98738844237539,3.2769945597302312,7.865632764009633,2.532041567061019,6.527765036104889,5.760552991038979,6.635708907521032,0.3936993774521093,3.8946075878155297,3.621725305503832,4.662793151181776,2.260038256745775,6.934235280450577,4.807687760820597
900,0.652173913,55.10869566,5.217391304,9.782608696,8.152173913,0.97826087,1.630434783,5.671749635888144,9.32135492250178,4.745148420412576,3.643465880888833,3.6032694412577557,5.676945751572826,2.5800780603893054,6.506427055526451,1.4948790950932043,2.2303570928130525,5.278307717615565,12.923779710783673,6.555172618224496,7.433188435022867,1.8672039201205577,7.319175103436133,7.239235404532324,3.9337270103411184,3.5240080741875284,10.66560544386998,3.3170337688808944,4.065396580889005,6.250630130827361,0.77277501071153,3.554417758258086,2.944769838775984,5.192315758609531,4.1586620611919365,9.573626123067136,8.48158864698237,0.7105809987007657,4.506837470882424,6.647086679092364,3.1305209788271373,1.8665238689968544,1.3307488052580676,4.226838531370768,1.1258872207915953,8.896021841102694,3.679617801292205,0.08069930001590406,10.556046429126921,2.116881978996078,6.4032423497207045,3.5248137677813327,2.753175736928082,4.27631096311856,0.8138512190495509,0.7332391046556711,4.915173848350528,1.825625757195234,1.5380272809457989,4.7210287726158855,1.3475811184715647,1.2542538317217355,1.4097990129965758,4.194133671916329,1.3485212140581675,3.092156450333737,3.34799703790066,6.921731654321513,4.331150485146306,6.567570260354587,2.167832933311756,3.1169221466512957,9.048384205973813,0.4842412620503093,0.5731862765608202,4.240751450959382,11.605443729549679,6.814711521053712,6.649318916956844,2.2126161918928733,6.285524168367234,5.480067278324053,9.525397742757,5.9420723220009695,4.922863987806622,2.383147449089957,6.380068416103204,1.3448840759347926,8.03912984389162,0.9923363832826949,1.5505207282565088,2.3988157249859605,1.3964559927340099,4.859366627401993,3.0608251170257006,8.164008048273548,2.472676026382297,5.509832086056809,7.523778110348137,6.55859590974352,0.3811067980030181,4.235880340050811,3.696377621448012,5.1575023125604265,2.206469055783917,7.511391036469344,5.189861823791359
910,1.918976546,50.21321961,1.599147122,11.19402985,10.23454158,2.878464819,2.23880597,5.451083567595759,9.194644589362117,4.345040088500367,3.6488510642056093,3.3458524624378367,5.147159866230964,2.586630763402298,6.216947314081963,1.5111806877166853,2.2230355169549982,5.353123813422405,12.199394244282434,6.990991490427263,7.325126743618034,1.8958768353153008,7.238563202857421,8.277177028005628,3.668504162642256,3.20464889731736,11.475978273319623,3.3105234297142663,3.7913830546576763,6.233457771071361,0.7722828189870463,3.5487028878605322,2.930295803294798,5.093062776678241,3.857443717981217,9.773326809889111,9.427477046281588,0.71336395688851,4.444415131588859,5.9614346967757434,3.135177686676951,1.8331565398973075,1.3613322562616705,4.028960992837151,1.1197510278765017,9.400247028548256,3.654874496070544,0.08710532051933222,9.306878313660311,2.1368280594861817,6.419687765480438,3.6222843346044242,2.7256829972544705,4.40389900065502,0.8170955272000227,0.7373701451394422,5.01086121959662,1.7631301898132112,1.521771472635274,4.627593075150255,1.3542525431365782,1.2524316485352405,1.4005162551615045,4.193993891713279,1.351128589868852,3.1153035360829815,3.317056737993779,6.734849060680798,3.9100102565125425,6.683563623633686,2.195221844984375,2.964168874512567,8.472516364803408,0.5134959180647981,0.5816772641143928,4.22500392890454,12.554564021451398,6.849642862081159,6.3362451164548705,2.2018914207342886,6.623853749590937,5.545491438586232,9.90839647037345,6.292662312168703,4.593907328632181,2.3696865305976855,6.411276761252868,1.3467867250907748,7.332165568856168,0.9901847101049802,1.5504044841075466,2.3351240476937245,1.4033616768296169,4.920116533644767,2.7310101228810764,8.024015002330332,2.4415011274012315,4.969849708183334,7.294026405506049,6.515094156310737,0.3864111394569783,3.9641529437928544,3.500134676665977,5.330899422419342,2.0465064641408213,7.3661948962619395,5.359922699355409
920,0.328947368,47.03947368,3.618421053,17.76315789,11.51315789,3.947368421,0.657894737,4.882479963868513,8.677011254994378,5.473067191405056,3.162839802134291,3.6354710994092296,5.8640028810575195,2.638624953661406,5.950354664953763,1.5076484235106737,1.981568813868564,4.922395603745219,12.29777646097197,5.210062708772108,6.333580753670441,1.7489684250930877,6.406378041748965,6.573246655657449,4.453513301643555,3.9556490304099885,9.75947794555957,3.4591226667412087,4.812498081700255,5.431446727153184,0.7785734285799517,3.2465504709940367,2.890295848621937,4.992490648751642,4.646614066439613,8.465454348819941,7.037414208518326,0.7153449938609414,3.7800988776655333,7.089854678979416,3.5230328855283757,1.5531029221648494,1.5014557488822673,4.676115576401898,1.1526628562897832,6.938709034745485,3.3085333802999495,0.0900981653408388,11.308071304281974,2.076821460106734,5.406395716808974,3.0734193666677303,2.735248251107818,3.6044060300709106,0.8373446701322382,0.7344307308218927,4.4452269642487945,1.7126293709131652,1.5525973998343598,4.116225966163879,1.3753200771449194,1.2235221317920488,1.4454083996558764,3.8149722908454566,1.3258349383608747,2.9919960965620764,3.426349690537073,6.291633957984402,3.0588833680843646,5.872899396473817,2.1208395138526535,3.4183999037014305,8.97971069326228,0.5611836178275693,0.57339400659074,3.5179229050326866,9.67461121557534,6.265880548653183,5.398828757565638,2.1234314159672203,5.379700746265813,4.774815698726959,7.985325277002275,5.059092064675424,5.308308486448812,2.474927069999592,5.600643322738984,1.3788013691995646,7.886004434235501,0.9938808570472969,1.610290578605599,2.6101201816062196,1.5660840810282557,3.965891777765539,2.345023790284734,7.337933186336802,2.3021865770477263,5.845996493875029,6.4192244877951286,5.904074934154856,0.4030969571568379,4.505369774593934,3.670762912404018,4.455675554725362,1.825090618066532,6.6567676036440275,4.794623462444588
930,0.611620795,48.62385321,0.611620795,16.81957187,10.09174312,2.44648318,2.44648318,4.915517682157071,8.211476347969525,5.148980240618439,3.060961668767969,3.3914062197296553,5.731024344465811,2.689886185425582,5.692426207683294,1.5593884451533495,2.0552875341612236,4.385173913112298,11.317870008290708,4.617921465912738,5.496827246624413,1.8091078563096314,6.137262776187735,5.580432928210161,4.216938421223562,3.7857715680957447,8.482149889602502,3.308767789611122,4.657558673473951,4.878436051737095,0.7844305833552248,3.261255688251197,2.7760771980074104,4.957022292495542,4.410736409507014,7.424894838361448,5.9833950456006075,0.7179020385684247,3.6580759478042464,6.458143018085985,3.7148009404697326,1.5769017316886291,1.5882579313006124,4.621691460458148,1.184071784408865,6.246567388953588,3.350949306854039,0.09670294107352785,9.262717083936574,2.0210199080086375,4.877873345255438,3.0382686057089625,2.872542153358236,3.482127190286702,0.8339046765642263,0.7396439552755856,4.115558042928166,1.6728169468919836,1.5316239745493474,3.973392808502335,1.3415756556486458,1.2313013260800871,1.4258743592593706,3.7233123771046532,1.3036102371111307,2.8583292421118065,3.5347771717298757,5.96028529485891,2.5590325431807552,5.924753445477599,2.2227019923125675,3.149095387198375,7.4135989650767895,0.6142322130529103,0.5839423783385645,3.4702757825806807,8.014719461885058,6.311205700865463,4.621480857503551,2.150764948938699,4.806570545440753,4.283853014625899,6.966410810454162,4.899183854249727,5.114310107197593,2.456043441353884,5.664484278151169,1.4099912903290175,7.343450425331101,0.9969493695839867,1.668688825343619,2.632224782206645,1.664998939655765,3.844382430657636,2.0057658725157843,6.677751482530265,2.4031038839093832,5.86850906254422,5.844018943476055,5.861024365494874,0.4051519086350046,4.305918166781367,3.422996091556852,4.125961961894513,1.645782804751765,6.205098188042645,4.538041682114892
940,0.609756098,66.46341463,0.304878049,7.62195122,7.012195122,1.219512195,2.43902439,5.2928656740821225,9.13201044428109,4.726717537237897,3.6000971739527783,3.0842288590629687,5.682083301323955,2.6240715411392928,6.205021180935636,1.6055050099126997,2.18675515848803,4.6150398659193055,12.34484844186403,6.094885753174179,5.499386894939269,1.9985408993054656,7.230119196773995,6.866519818807449,3.896665625262736,3.579153145219542,10.539398602238185,3.2633948497917102,4.190307599061258,5.773716528563618,0.7811366639018618,3.6867736926301005,2.9296237197104436,5.22631369721928,4.156047265471695,9.077380002118218,8.26920181003791,0.7260025677029429,4.3418437381381825,6.2615112235488315,3.5783867410503363,1.711118559298889,1.6420889154634737,4.275628430064765,1.2214454162354174,8.592568033822603,3.8523435968965316,0.10147309317160022,10.627095918822505,2.069908465602872,5.9820932735996735,3.48855277574402,2.8898940837925826,4.000123032051643,0.8277793180230164,0.7452734148802997,4.573683431244573,1.6849079334585124,1.5086759127642988,4.541966376338853,1.3363705157725623,1.2442845097615949,1.3752000804051283,4.0897964459996805,1.3270166488026727,3.0590575993965694,3.4716102085752634,6.036406343508815,2.371175579479507,6.586116278269566,2.1992290994215775,3.019622702880629,8.594323732884543,0.6284767935210148,0.5977699606582947,4.203536949649925,11.00535020294664,6.746238524348078,4.403317248312224,2.112021684442226,5.538171270798175,4.87236420025968,9.24166931921939,5.852863297454778,5.0080378610464695,2.3654065546900913,6.381599160821741,1.4459224618968674,7.8197938294368114,0.9918228869886013,1.7516826208849805,2.6376619488256834,1.7112993857185235,4.66162292206954,1.7949586279581933,7.401335863691381,2.663578146824603,5.596405285329693,7.045661028989816,6.524954422862049,0.39496282030270374,4.246045459726798,3.2474607097435837,4.902793550434721,1.5704510962558096,7.2527240853532735,5.0439587560160195
950,1.279317697,56.28997868,2.558635394,8.315565032,11.51385928,1.918976546,2.558635394,4.427330101272768,8.562141550956213,4.114353702526824,4.21248836782336,2.435285087912989,4.646317196096858,2.606455610652776,5.394344224534254,1.622728385179679,2.0571584708652084,4.31590435158615,9.182648134130455,6.51697962810672,4.1203227206646895,1.9623656945477077,6.242871074080032,7.252547677431221,3.455876158972342,3.1726109450529303,9.71446296551759,3.2898806744388995,3.744997963242556,5.246288815337497,0.7783144514116208,4.1054990343495605,3.055954759979186,4.650932865207608,3.712064255534229,8.429261785125512,7.801028979298818,0.7314687816852338,4.867699326380033,4.833078584168444,3.69852074228654,1.541550966446772,1.7394670212247916,3.8853881845747,1.2470443264695805,8.195129390112907,4.338441977261167,0.10868387138418174,7.66599437825858,2.1190902282711037,5.650740272212018,3.470663629768024,2.827826997921731,3.688781848816165,0.839923844124354,0.7519753131725222,4.73341940761298,1.5974996057408501,1.479934329838014,4.691400743876618,1.3742114231736426,1.2284593702984148,1.3664411737694124,4.585118062387867,1.343313929088696,3.2565836417857748,3.455153137284759,5.113009907251353,1.804277292946782,6.293143167179522,2.095283893683399,2.7704673315155364,7.236094183754267,0.6544395449460954,0.6126068298307944,4.806716202008859,10.764640598785657,7.37919484208847,3.323241942676318,1.9866168652338467,4.478730518144571,4.128305331183105,8.36490604361314,6.044962969758226,4.6523945971385645,2.3080671165274462,6.378344956713433,1.4735753376675786,7.533458153357728,0.9870441352961564,1.8088441936110127,2.6355132762114746,1.785518135230633,4.3732129838987746,1.4350856019307925,6.374529495097196,2.730192451055185,4.352353227427615,7.274636740430266,6.34025393920456,0.3913896153750376,3.947700254603375,2.8041569232022616,5.67083616823294,1.3619361207609377,6.948329633119153,5.597742333855281
960,2.474226804,48.55670103,1.237113402,14.53608247,8.041237113,3.711340206,0.618556701,4.44175342231329,9.57999090466394,4.955081566878617,4.0503516848305825,2.4636832607017207,5.743521713182016,2.624559417759745,5.434358357908621,1.6505560308235032,2.0671850326786543,4.095791990708959,10.51158739188204,6.064103944568873,3.3813988119553735,2.133354035110911,6.550161672766665,6.632782455533662,4.079587636010351,3.707084910911524,9.203188541225973,3.4236454957888918,4.601249449854713,4.673994086488177,0.7817459880720111,4.029068738859234,2.9852333342999913,5.234545991740026,4.402815949310637,7.876199009533055,7.370953607872618,0.7348663386381613,4.384061061377125,5.495449275781174,3.955685559523127,1.5142888167964885,1.8754648602333168,4.3805556230812,1.2436294362635165,7.695914309715345,4.2333803213254555,0.1129738786634329,9.797904806373676,2.0965503948032795,5.123275081803867,3.478981190732521,2.836355512072397,3.614297020625728,0.8418140278924412,0.7499342917479391,4.528481123782934,1.5280147898483751,1.5058265028781854,4.3686061110551515,1.3624868984750564,1.228434293776686,1.3537811556367072,4.363388572489295,1.3310807649248513,3.1425973035768453,3.4333545759904105,4.613789609668939,1.4402573900824664,6.478419634601048,2.154259512192744,3.182728265951039,8.918904720976965,0.7115119203734006,0.6053215312626802,4.598966802164349,9.664937746325469,7.1661805302763515,2.7321013622993546,2.001534838487713,4.022288464035267,3.6454838424292153,8.420282021953442,6.078183469169112,5.279970160527153,2.399214786983306,6.5932333144818305,1.4805585302332842,8.599842460878104,0.9876073103137624,1.812758209925906,2.8047779889393056,1.934573949943196,4.21486987725386,1.2536664840865064,6.03407183576554,2.697917077893836,5.471174239425184,6.859177585859502,6.925043033838929,0.40597874355806823,4.584006657748903,2.8770653309987355,5.461082076055062,1.2324495545783394,7.13835113229322,5.506164104371289
970,0.602409639,46.38554217,1.506024096,14.75903614,8.734939759,2.108433735,3.012048193,3.978522054432835,8.898230941177651,4.093651244634827,4.938152780308159,1.964675404501811,4.650289610010914,2.68888180369691,4.788598002949422,1.6993463501497812,2.046322328394169,3.5589103549647536,7.864237794277107,7.120756903923296,2.5650357216516904,2.114411171729082,5.938676405086257,7.249376525630519,3.4570235616491582,3.1385755441576406,8.639507339636175,3.2823195991806258,3.9520638509272543,4.189699524930585,0.7857056422893293,4.625754551671882,2.9410743193398994,4.728449236574348,3.7509436852644558,7.249062664242912,7.141779741995426,0.7377798598460942,5.260501856481129,4.063981454642601,4.19528738313346,1.446228738068641,1.9767338747012302,3.952537380269834,1.2934449479220618,8.361541413504927,5.005620197768401,0.12319637543355524,6.570125115364128,2.068059995327829,4.963410795064398,3.43996977119999,2.96161006261855,3.3923047585192903,0.8460800966961621,0.7592707188585472,4.467088765336901,1.4849390027923415,1.4638111337429833,4.766535949468031,1.3538840060443549,1.224817451138794,1.3484813438539134,5.136833002856185,1.3157425696583689,3.129361880301919,3.5726415867501413,4.041429658214771,1.1602997118368303,6.422291999168968,2.1929709306029066,2.680767797123046,7.121786502363409,0.7603030017441221,0.6246593506754748,5.904134737588303,10.030473990477645,8.751578286066064,2.1151795450992874,1.9601449435722698,3.2344475665528734,3.0789689264491997,8.073646591957946,6.51180265370264,4.738668222928951,2.327779532994369,7.419023934482107,1.5281328391319624,8.057964956229512,0.9884065806786867,1.9039311014973113,2.766112759598618,2.034281721396709,4.272222145977758,1.0458072969898586,5.072732218805632,2.91087802676035,4.245568635099747,7.277312288198895,7.27726044983132,0.40468326944550437,4.110432367401872,2.4497820352514434,6.162640322307439,1.0901346336110997,6.9460561761320685,5.849968181988742
980,0.582524272,53.00970874,2.330097087,12.81553398,5.242718447,4.368932039,0.873786408,3.9038066746760207,9.008143394192025,4.661282498060231,4.885762725214883,1.988388746373131,5.0338964451492325,2.721493631625452,4.813019949241468,1.7175096779386168,1.931073641678498,3.4183851251895865,7.80768497678093,6.675839843253051,2.1847553144931506,2.104445294630819,5.831672275660733,6.862620702972117,3.8647826207273837,3.524182804119641,8.223459196954405,3.414665290339607,4.450958656054828,3.9432880840520843,0.7879503988375934,4.514254263551825,3.0475956329978624,4.81122485843491,4.164991407429614,6.935097992430965,6.5062728631593485,0.7429101572142262,5.070698742748727,4.257290894875944,4.550672776351961,1.3337205413764694,2.149584815241387,4.262235393963442,1.355191421201308,7.704701089305301,4.838270914451929,0.12987074531687898,6.339565840558965,2.059431289180865,4.670996752933427,3.2859176631024303,3.0222798066532492,3.12767204646799,0.8576702587410433,0.7590195657520105,4.295526381330514,1.4937470168324443,1.4797090406874698,4.736044040449933,1.3695786802022707,1.209974634545948,1.3671897848652357,5.215478631198771,1.3110032640886136,3.199816566213643,3.6842773177972172,3.8082940279543904,0.9868185556297501,6.274021188764081,2.1630988450218616,2.939415277539319,6.819470301093873,0.822109097160732,0.6214366724040411,5.788800610965891,9.400820715193174,8.847358136839283,1.8228285416032652,1.93722267268281,2.823610923288458,2.713596879174432,7.693285657537198,6.15867686954199,5.256016953892843,2.3592877093948594,7.362208993408869,1.5845876958894596,8.43568236233009,0.9874939589606202,2.020952595793516,3.0660891601289912,2.2461921616341223,3.9216662440098213,0.9692495009536263,4.901119352945841,2.9356543376838764,4.497796187617885,7.355353756623712,7.299935023657822,0.42783104072948575,4.468507699074219,2.491428504611673,6.026338247905204,1.0202431680224278,6.980646610399597,5.765949311844034
990,0.848256362,54.00565504,1.979264844,10.46182846,4.24128181,4.806786051,0.848256362,4.003024103490965,9.642141490709246,5.839559702916091,4.552165709399084,2.093932117889545,6.235797249913704,2.752049645363509,5.033593163439394,1.7391862676124212,1.8432872594752368,3.431234569729263,8.488775359916445,5.785058785727041,1.9053986726433216,2.154882112325676,5.966023392420315,6.039867458485219,4.630690676026116,4.394831897988956,7.799456205447865,3.6591297661998436,5.504003481621369,3.7386907629879196,0.7878981932797147,4.190695626861737,3.2753243481161762,5.33058185083572,5.001119590708001,6.631703330157574,5.863731164690714,0.7486515765653726,4.568667278601831,4.937341576283175,4.985379366398821,1.2523679811256987,2.3467037313781005,4.860833409810375,1.4232493028804998,6.667389047252765,4.381037962129991,0.13812761791912936,7.590296604948734,2.07892315592647,4.26486592095844,3.2562769879406064,3.0828339353293632,2.980636716248592,0.8670944097681276,0.7586252011136398,4.164195648664554,1.514536620501775,1.498522375589491,4.554931477484236,1.3906314031076805,1.1981333833839005,1.383560211065217,5.114568292539075,1.315739202159802,3.39097708268773,3.80462591397698,3.634115932575069,0.8624178353252387,6.353002070122098,2.1508583853246845,3.531653725208547,6.227360572694289,0.8960795576755193,0.6179064847868262,5.234505424795508,8.13871180377323,8.461808327522476,1.610078114969176,1.9430743892766644,2.5715334978304836,2.377830378437909,7.167314767096211,5.884387973779772,6.182356662184741,2.3941714933467235,7.069853022650241,1.6454156587525983,8.649007842128217,0.9844070824133234,2.1497595166217467,3.4800564011295823,2.5053263414800564,3.517146040960302,0.9239254782839945,4.968506834001442,2.9411420050027406,5.70426192165006,7.163475409211399,7.203147195985329,0.4589709399867058,5.147384305945474,2.5997534203079726,5.8159544234648815,0.9680963643377476,7.128882756142767,5.721072355875237
1000,2.29226361,56.73352435,0.573065903,10.6017192,3.724928367,3.151862464,2.005730659,4.134247304054384,12.643558303339635,6.231225646549806,5.263109416721198,1.9580599796297788,7.4668494760219115,2.7501963455809033,5.1787709727308275,1.7799575483329153,1.894965035854894,3.4012756760048206,8.799313132198552,8.074516382145028,1.672439534712224,2.3584605038121063,6.709527580144668,8.287407729149539,4.827476291770705,4.877460432080225,8.343986659590719,3.771079711933023,6.023040516603462,3.607977998640528,0.7879890441886489,4.381384536965551,3.3913387876168146,6.2179536779847675,5.413683685264031,6.8155452269770125,6.544248588335596,0.7556006900366723,4.827427705060128,4.9439259574836605,5.16243050391073,1.290970905095223,2.4618847839397864,5.0849879001813205,1.4581018121082956,7.731851828041793,4.537828156795453,0.14951283863591538,8.751809840956831,2.0999644197434857,4.264339058741866,3.550838691676876,3.1327014445916794,3.143833966955134,0.8650170879465492,0.7638267145067916,4.313608401519205,1.510242423680416,1.4849239714163582,4.903284110527707,1.3842245033967728,1.2032476344782257,1.3604484805306338,6.001348307326451,1.3220768749488039,3.5237687791658487,3.811302937104047,3.3941343317573636,0.7916395509269879,6.960503154614755,2.191752485424815,3.7926032141417068,12.031281668154735,0.949206659975799,0.6279441867960858,6.32403366573764,8.87894090508632,9.906127062795907,1.4345288642997462,1.9581629721425997,2.4510824460282246,2.165891485380723,8.650702458739255,6.965649032259223,6.726203319590653,2.3539546004723966,8.819892084261832,1.6827108906543629,14.204657402814501,0.9812733478375628,2.224216229732494,3.6158640941833062,2.6491961156472548,3.675258412734407,0.870220212460353,4.901283798449459,3.109097750937559,6.507393230210186,8.974122687240524,9.044420777058908,0.4726436109696814,5.875784278868251,2.507060727828498,7.0855028411089265,0.9253088206634665,8.835677476293142,6.316622967570639
1010,0.614754098,46.10655737,2.459016393,14.75409836,2.151639344,8.913934426,3.995901639,4.1100272961894735,8.989171896945027,4.781566051481159,3.4097085090045005,1.8726831925903253,5.540762646277933,2.8569838219497083,4.3689148928607855,1.79599095688195,1.7585070734446582,3.17327876425414,6.492756800930815,4.911572472145985,1.5655855863868178,2.050425269369567,5.230153177469702,5.5791064491967655,3.791935765584446,3.752993697145171,6.38797370703075,3.4305748295657894,4.743730417201521,3.118945712608353,0.7924860639184623,3.074030248145906,3.4530525674160453,5.200387221647386,4.0455477031083955,5.098802162259643,4.701534038789262,0.7595783266457765,3.359943352552974,3.6900648971565304,5.308663820770478,1.1780000298480455,2.453665875327535,4.444729838823994,1.5635580833626694,4.907225619587917,2.9976501453905717,0.19648430794874086,6.536623103918954,2.0720073437504665,3.12526092221788,3.3120889238498106,3.3147916795564463,2.8711540870396544,0.8792263238871972,0.7794673966166461,3.5666053206024833,1.5792493117421176,1.4143707330568112,3.708048766135261,1.3984645884467073,1.1846132912084626,1.4199304046601546,4.4912377820044656,1.3059722760952084,3.6531786040515466,4.1303689121614,3.4726282205199004,0.7985652488684151,6.457089148886495,2.308010834488958,3.0437722306550277,6.728751478789084,1.15781736932409,0.6618974095448463,3.8810078405793793,5.352575527050655,7.1610393489759545,1.3539662369915637,2.1201850437866328,2.341711109400765,1.7570818018563776,5.472031261327702,5.594020709206907,5.0988722531604,2.1887310610861537,6.148671112449616,1.769751235923389,8.160780045372345,0.9816867150429225,2.409178375799946,3.47629854195375,2.624053791357511,2.710549017630746,0.9299456023068063,4.498370380436534,2.817583601898497,5.45356646987263,5.762226362076779,5.939183153813675,0.5759706130692872,4.105470272140671,2.1970589277904486,5.099416820143435,0.9018511728310452,6.106577285202704,5.1478182971064275
1020,1.151631478,58.44529751,0.575815739,12.95585413,1.727447217,3.742802303,2.015355086,4.726817626504493,8.998861433074353,4.585021761061573,2.997907176609377,1.8388765715235698,5.752968194992885,2.887518670583251,4.493236890450861,1.848944599842104,1.795455339196873,3.1173985424072352,6.22896672311795,4.369517344294074,1.4857919872943832,2.138253156362126,5.425250120086435,4.936118199528597,3.60580029778189,3.672167900847044,5.897217125691828,3.342911515896832,4.505073111607544,3.07375800678284,0.7954545738450168,2.751558927633516,3.6883449174821274,5.675190130051388,3.802322750751834,4.715411667812689,4.45477052912489,0.7677593547143606,3.029810430177136,3.3882692756787263,5.581019611313595,1.2208080017905862,2.5915975301730554,4.342971163626239,1.6809398114396208,4.413810633203684,2.617715489135555,0.2150802809760204,6.007057940687979,2.0622330370470303,2.870641521108973,3.5415811055175315,3.545897801225483,3.0042977605559216,0.8778979534125881,0.7866178199907513,3.3943045309732263,1.6583669924720208,1.3920858040772663,3.5204311691359753,1.3828178139217777,1.1880600146398477,1.4117626768476355,4.213962277692318,1.3033348197568972,3.898374374358592,4.363519486334107,3.510959350914749,0.7904676952209669,7.087577548505433,2.4063243315661604,2.943487094995177,5.604973305872791,1.2702301518774157,0.6758719636633925,3.388286279853788,4.441652178477078,6.48499772450043,1.2953659900223546,2.192600245279983,2.372892745135358,1.6120047120918273,4.936237777350655,5.716764653042056,4.925532326309128,2.097185616418694,5.818537338473757,1.8620909071649274,7.117896949066093,0.9805088758704237,2.6264036620930846,3.6910584647833846,2.836447553942041,2.566551440779637,0.9335349636575813,4.659804351363492,2.9750734743866207,6.077391486610344,5.217537359894234,5.431201871356014,0.6107867632529872,3.769847196112605,2.1111664420395426,4.801513136254419,0.8915746922270319,5.873097748445294,4.93929142080567
1030,2.61374637,58.66408519,2.61374637,11.61665053,0.580832527,2.323330106,2.032913843,4.464506003293825,8.20792393769484,4.285308832304651,2.9433343787687427,1.7819994286021934,5.068806792938952,2.9038372656626508,4.398172506773324,1.8345424957132355,1.6425320322016224,3.192616341079804,5.50132045285484,4.078477877228213,1.4916499630661857,1.9447852817728377,5.0096973565878,4.912072793817076,3.3644768898965163,3.505957961529462,5.985637421426049,3.3755396627260996,4.1610091898495325,3.2621735615085976,0.7972445923634317,2.6650102586375453,3.9482152302871327,5.192811355493038,3.542590430941448,4.840014848884331,4.259222940195221,0.7765386287625027,3.136928974629631,3.1408978211814316,5.708544845529063,1.1163103858286378,2.6311842949691746,4.179146057892717,1.7725836729481226,4.039100568975986,2.502861576522788,0.2310976657094247,5.673616345891112,2.0676223746209583,2.934393180674492,3.3744386933567823,3.595781585469585,2.8087475543562688,0.894566707289676,0.7945362622939273,3.437218397971893,1.736646931478108,1.367332360897227,3.635200667955492,1.4145188823739299,1.1660790025528842,1.4456973888853588,4.33593886147281,1.3058356557902344,4.203463393448258,4.555061389697607,3.643109528880268,0.8103416222466973,6.705668276742877,2.3059067938566526,2.8200240601926616,5.045203900426172,1.2781163360099832,0.6913354577042666,3.2075116525366525,4.353251200366369,6.4010556575221385,1.3023663443250348,2.102105663179065,2.296270915378063,1.6095639499029808,4.556769950196898,5.341562840463806,4.748384028187659,2.0008967810154212,5.330409240978566,1.9339759515600643,6.5482767562711786,0.9780648671291575,2.794790782672632,3.797538728289936,2.8818880187811446,2.3798659893762353,0.9483730494981047,4.734801063345858,3.008593902004945,5.325948630183561,5.2524081149635835,4.813850751389682,0.6257694475335798,3.5228285694438135,2.0337634490346463,4.801473968972322,0.9008026796374045,5.606540673770759,4.9897158897929
1040,3.130929791,63.18785578,0.853889943,14.51612903,0.569259962,1.992409867,1.138519924,4.951031908748357,8.876795218173509,4.630710386999597,2.953785032027577,1.8448583204286821,5.798626244501324,2.8804682237633723,4.864316778915574,1.8555129864226487,1.6358794463076654,3.2284275626625516,5.919458978320325,4.1612193955391295,1.5002512996477193,1.9993294664505477,5.518121543894956,4.982143704140675,3.530802273648728,3.9113288534548762,6.29196322231568,3.402490073389464,4.327821325744738,3.5107415411413267,0.8023061776528085,2.628290368564412,4.205293925662327,5.670172380076847,3.7576201729422354,5.155537756657978,4.424165747976053,0.7874023489126194,3.2128747799446717,3.3447563875043387,5.942816630173715,1.1386302350105328,2.763946584767143,4.326247416883843,1.8705330782506084,4.1341955572901705,2.4542724020100968,0.23982827459290784,6.231254223921567,2.0381471738521326,3.0929418496916634,3.457424200228127,3.737930021227544,2.855271824317034,0.8966652896317936,0.7986021175996646,3.4447551113444637,1.8200139123253458,1.3641830564794868,3.8634634767321843,1.399766411627467,1.1638518378776415,1.43340110751728,4.511284261050783,1.3001090633280896,4.417640001283505,4.709348878243547,3.763193540546937,0.8227978646704655,7.043425068658691,2.285732446313549,2.9921161548877433,5.412110813176474,1.3126562234321337,0.6970909568448539,3.220764278511394,4.430491872020307,6.36671273168654,1.3108901483794617,2.0724036087507116,2.344016477399622,1.6255309307592545,4.833014519067154,5.394262211467887,5.183488654286882,1.937016819099912,5.444973640569079,2.006943437659168,7.261508004945492,0.9780738702330903,2.9773315556793194,4.133438514062087,3.105658162430127,2.416787602720112,0.9599798660692224,5.146114216592863,3.217915562459119,6.082960316785812,5.818371285122064,4.854882977830953,0.6365653483465865,3.7325995017954248,2.0773534246135696,4.910369227197868,0.9138647758918224,6.1554995770031695,4.997093289511099
1050,7.354443309,64.96424924,0.306435138,13.48314607,1.225740552,1.838610827,1.532175689,5.048575717960832,9.6051395041999,4.66308513570783,3.0377968994066364,1.793087787790158,6.1358091153250145,2.7796084773831575,4.83284997963848,1.8479537161595638,1.6807979129974435,3.2411250340741358,6.156554515845558,4.6088371348719805,1.4552596729744205,2.1551537952915547,5.754330878921998,5.2600182723305755,3.528829858717864,3.9302151249187727,6.276499702692721,3.3743879548782703,4.365415453371669,3.331414105352556,0.8067003044732995,2.614987184254696,4.045006234270507,5.961827284607794,3.816639468850909,5.071205288744679,4.7475419785222215,0.7996250697403352,3.1676102068085763,3.354514334997309,5.699711837877686,1.2085985665792978,2.7297295597545865,4.31759670763069,1.8063633749697252,4.415100716556322,2.4266618020122483,0.25650402946489126,6.432232193786937,2.017083100482263,3.037775454743154,3.709190172500571,3.610540752819459,3.059239204391642,0.89402951061425,0.8050775039668724,3.488987703919779,1.7720298790235778,1.3501855605962843,3.7734202002837276,1.376450018149177,1.1682938993664196,1.3876419059089045,4.521460043905858,1.2990393312402144,4.287271519730869,4.451633154581758,3.556373362003718,0.826208239131448,7.440547391918387,2.2912893169242796,3.0893806544707862,5.8534532183819445,1.3177902948208244,0.7088178988822451,3.351827354578992,4.440572294013508,6.371325006254788,1.2795834195784523,2.0430379100830196,2.409820678073649,1.5968189183796613,5.172016329418144,5.967236615178402,5.199944921253301,1.871376558852097,5.8227455220533395,1.971835549888304,7.591021557987032,0.9771589354714195,2.869712269365722,3.9743266421995314,3.02913239401237,2.5284978554476725,0.9523069616583847,5.063748038918913,3.1934509456779137,6.346399747254971,5.740804079422129,5.143238476511398,0.6456826863069545,3.8402643228212305,2.0436266164890613,5.227471688241757,0.9172586850698355,6.369302699721834,5.1476575237504125
1060,5.382436261,60.33994335,1.133144476,16.4305949,0.566572238,2.549575071,1.983002833,5.1714485238540195,9.261663620623509,4.366722306789756,2.8742534321720057,1.7594280925122012,5.920357385776887,2.716383017247311,4.763582160166599,1.8396663624815262,1.652416992747996,3.15191312804781,5.910345607917446,4.5278922799642425,1.45962093680327,2.1317256989429074,5.759944417504194,5.112589483661788,3.2940289196770784,3.7243660283114135,6.186800049158202,3.2297184922147535,4.050319016351542,3.2532927670200906,0.8147254129205128,2.4615327432111256,3.8849901141010217,5.843681829988506,3.5786541342156504,4.936582685756546,4.793436568694846,0.8111347179323356,3.0634554817577153,3.156313735476723,5.5291939688253535,1.2194272303794855,2.7066204363289788,4.143256151371093,1.811490082136045,4.341212377006374,2.2595145860957913,0.28064880481367754,5.991860868284584,1.9590411606156644,2.9860176576948665,3.7168965767847957,3.5974868051972164,3.078537434766253,0.8985917660757352,0.8145458873066079,3.367066761392258,1.7897475684546822,1.3232145026155153,3.66244702587336,1.354828580980507,1.1628015571872659,1.3717593012188323,4.360779560749263,1.2837611885190536,4.140868194736314,4.363559260105083,3.533674371460052,0.8580420611450719,7.519943410543299,2.2791999820677558,2.94255784472816,5.236118013798018,1.3511778246442516,0.7269538054477981,3.1655442334845905,4.22411090413671,6.03949717176712,1.2857365104762226,2.010365446762567,2.4383825204840615,1.580402260156241,5.093427980032088,6.006652351238085,4.9385203085296965,1.7728158654225807,5.703585647757052,1.9864341873220102,6.888131326240675,0.9788308168690127,2.8839803211043495,3.8572941132992513,2.984180271129625,2.496082066980845,0.9724422725099326,4.994662990297872,3.187905489403293,6.119366747416342,5.384335590874316,4.807494480333824,0.6681673613792052,3.6104553540639017,1.970329256465509,5.072047368623271,0.9301997445364436,6.132392242771669,4.952820481327164
1070,3.761755486,66.77115987,1.880877743,12.85266458,0.940438871,1.567398119,1.253918495,5.300747440994025,11.107191912196171,4.626794085506289,3.0322856116741477,1.737951405450476,7.016393022945337,2.6149122230428468,5.126086998484336,1.8274305162407134,1.5566888533848127,3.2088271966136483,5.924142085730962,5.187173076235021,1.433087531889081,2.104161718217281,6.386529654765008,6.017758757698994,3.361333581970886,4.217315546237584,6.610276136355601,3.255303621597788,4.061601765733833,3.434904544973981,0.8195459857440872,2.463919935426845,4.094620166069184,6.43630210757583,3.7561001734852564,5.338755392811188,5.2272049413832224,0.8257310543283207,3.277858570180663,3.2493116585356407,5.5067932538171025,1.1736923270876545,2.8139871368607317,4.151044661395458,1.8920947755445243,4.434183956535579,2.2505611210682765,0.29198928144277647,7.144176014537043,1.9348087381053949,3.194092445701831,3.7301181802062837,3.5672584936566314,3.0140171804701703,0.9102819167388467,0.8210857806005326,3.442800431941049,1.8579555546011537,1.312600446227134,3.9606210962751733,1.36112468360237,1.1475004939369322,1.3604563559387446,4.777926073824791,1.284928018887062,4.356241261103564,4.30352296170062,3.4907833216385473,0.8597436103439311,7.687685148057183,2.132369232771017,3.1823870871280278,7.312535093677472,1.3496001947038965,0.7377130590405634,3.2773908510870844,4.391337231405744,5.986221564949663,1.269575589597855,1.893569020051604,2.37900811872767,1.5803921810472648,5.6648576065343725,6.239253417233037,5.417330768320361,1.6804921786424838,5.84570195972726,2.0522640912921695,9.005512147591359,0.9773959487656687,3.0447045623576217,4.11605204869784,3.143549264805729,2.4657614098558964,0.9694113670288993,5.285978105044405,3.3570476352898915,6.850925273102044,6.408130623741433,4.687252038396091,0.6752222114799095,3.8844894858798416,1.964062616676478,5.714842167551466,0.9414660783083835,7.248435942099831,5.113912111370151
1080,3.673469388,54.18367347,1.836734694,13.46938776,0.918367347,4.897959184,2.755102041,5.584981206337373,9.829707830108433,3.8448603110021877,2.3304266048745412,1.659327396727222,6.220047166064127,2.5799443090535448,4.821210549773126,1.8222939340187385,1.460915753503927,3.1568704114816515,4.796109876071057,3.9577215405530337,1.4057100978029895,1.938069005165332,5.939601196199403,5.001130557979162,2.8026107607016497,3.636959543601516,5.810869095668867,3.036550586776897,3.2986093358115207,3.2688536601293845,0.8254953513127081,1.9707517707707556,4.308287310427483,6.4572966584425355,3.0602643884647622,4.633412134314484,4.599040137235537,0.8369490733237077,2.6916862122990293,2.6510572067691767,5.4482203894915475,1.1163662486331603,2.8235285128768415,3.677032052495673,2.0054791992620746,3.3587409360390095,1.7358020084661732,0.3434603821465473,6.392044869236806,1.9006402665997715,2.733849550641384,3.7120565867453097,3.653737768397183,2.9227755073272115,0.9225038780580352,0.8363975342824582,3.1213471857829003,1.950144738766686,1.2639685598099075,3.415290762949712,1.3646778387407206,1.131306200667253,1.3758256436932508,4.08218796055855,1.276110901144121,4.680341665964207,4.423327679286174,3.5382978732527226,0.8949365053443026,7.846254213948974,2.1129731565204373,2.8133549347170135,5.175620528039058,1.4808793104894347,0.7689992344629893,2.4029484684504387,3.2074853794989746,4.679879248687815,1.253346924447628,1.9029710043347823,2.3886328638263046,1.4273901145092807,4.388232872439344,5.781106613916069,4.586181422621623,1.542788152335537,4.589504505549982,2.136691970630242,6.385295888041659,0.9764294505307644,3.2420033922682716,4.067757824146122,3.162080881169988,2.0622079555413304,1.0170303557447933,5.3107186579676355,3.2714778557420994,6.781577008956337,4.971731306163742,3.412247658029469,0.7492828400962523,3.058662952323245,1.7885006678079116,4.965181264728161,0.9462085995729711,6.108102590179537,4.5833250837051
1090,2.583423036,52.96017223,3.229278794,21.31324004,0.645855759,1.937567277,1.937567277,5.337828825234317,8.586062121222877,3.461397422374699,2.1391649924022555,1.6267686857562222,5.628328708895349,2.5589233594354264,4.787695479707902,1.7929956016979858,1.2716693617925956,2.8628263497021615,3.873904967909323,3.326874695900433,1.3988367088771618,1.6068023537606322,5.5224881722845875,4.55979066544523,2.4931100996811035,3.5351038452454717,5.616376051846703,2.8271926375656364,2.827455931495013,3.4444404868428125,0.8409396749746132,1.8424741316971804,4.405812457238474,5.927218056895222,2.7181659838837837,4.60710934233465,3.992136635313072,0.8485416413520155,2.807134102667772,2.322540751564353,5.671834146786099,0.9699028574105648,2.9283666958033923,3.3861978242359827,2.23337910556923,2.8248508820613307,1.6297866225302808,0.3686603486376014,5.510568521200384,1.7817829357295685,2.8146243754602924,3.110193446988233,3.848183654349996,2.412219751562618,0.9491114466699014,0.8488813263690972,2.8221667117540266,2.1272661120306124,1.2317607846735361,3.590183561773679,1.3635201442523905,1.097487474804441,1.4266710789358985,4.11780842420592,1.2373268032659204,4.73261987430604,4.759677033742593,3.7379040792475813,0.9142436746922604,6.915221999123654,1.9403293163424287,2.5081084677333267,4.291220794655393,1.5141435855524028,0.7911880698053774,2.1384507652145817,2.9487835649933993,4.264682915756114,1.2519135078218706,1.7659433179473172,2.088815523238856,1.4028035307296627,3.801754511740172,4.678784152411688,4.39942942668832,1.4303841087846396,3.8686481155593184,2.2822373305098855,5.843086368244564,0.982459387855643,3.6301289556515424,4.356632866673787,3.3780239149799773,1.7969353861212016,1.0312866917021024,5.225029493683019,3.4111881900431813,6.179123647800847,5.0343556757486265,2.6899014095996305,0.7716746173455569,2.729186902311053,1.6891523948503337,4.435123538050522,0.955763664619885,5.762081884990492,4.034159230538583
1100,3.854389722,64.88222698,2.890792291,14.13276231,0.321199143,1.284796574,0.96359743,5.133182475380471,8.599834030205804,3.5510469076981734,2.1051252781662813,1.6462158081531602,6.077365101263476,2.4408387734586263,5.192958082589205,1.74830864583889,1.1135247081622774,2.837780215361496,3.456615015935321,3.0390044609961713,1.414786063766405,1.4051970270531124,5.520590661251811,4.596293073569985,2.464585390611847,4.148065956625818,5.792705575572196,2.7812550956699793,2.6349590501425384,3.954983406781838,0.8497054093568598,1.7854078043375288,4.999852516775528,5.966784198050769,2.7178098532277497,5.07767060227631,3.74014989066906,0.8653922690264525,3.0435318578498527,2.3256714689616462,5.762871461941261,0.8572108301725864,3.0904886560529383,3.228014372979219,2.4992927734929844,2.477172273683472,1.5853415546275644,0.3802303826700683,6.603881382196183,1.7250045641251575,3.1021379321909848,2.7342776098925334,3.8578981451746674,2.0659123083434805,0.9750589486933414,0.8572687263003069,2.741097855264131,2.3323858988357453,1.2201232538316353,4.0066222562286695,1.3867023737847457,1.0651771977792424,1.452763024466146,4.42991370975526,1.2291088534644286,5.288080759014681,4.907814569166463,3.8745441522140505,0.9301390532040091,6.163390012073505,1.6938328538252185,2.603958219183775,4.672448579629385,1.4918954969186053,0.803015419638547,2.0032391774725014,2.909217857677083,3.833440973224775,1.2701689908437452,1.597582370611327,1.9047526186930472,1.4274272153117302,3.6060726331350192,3.920516572675573,4.795821471047612,1.3371910741294086,3.3005876886335397,2.4254888252105116,6.763115234595017,0.9823842604059998,4.077965557088273,5.036620412130696,3.728417394949473,1.608102625404778,1.0463174265384017,5.682902209179433,3.6027114607827526,6.575672120144981,6.10503130688207,2.2369388512610797,0.7828187015859297,2.745737749484904,1.6881826679984822,4.408306676487517,0.9805170524076796,6.299073809649524,3.7877601852662917
1110,3.042596349,60.54766734,0.60851927,16.73427992,0.304259635,3.042596349,2.738336714,6.058455946429305,7.235532797666717,2.80323370055928,1.7433870103859606,1.5259986369741039,5.352359232495033,2.339079994864234,5.555660646058751,1.7644274584282558,1.083212377930825,2.62543072146708,2.7074475114083127,2.4210125450457767,1.4352164197975925,1.2860095092292232,5.513949823051265,3.8123795920513013,1.9534237093680769,3.6614838031648915,5.3537927072404745,2.4199492593317493,1.954515827575973,4.805109776193127,0.8624123434545689,1.5340167780665583,6.284790402486831,5.907650661857579,2.115484607903621,4.949239975271107,3.3933189335595086,0.881988538052381,2.9091457476728997,1.8111121837907396,5.703712330918626,0.8618182421908593,3.2220130621999705,2.6213045243648394,3.0554113240905982,2.0592259135537727,1.347097957674907,0.432235243313551,5.300158720811257,1.6396141000095916,3.117169193996385,2.612170453725957,4.227557437245438,1.9408112487819855,0.9806210110672665,0.8766762870851337,2.449397602641629,2.6997736500573803,1.1674499740821287,4.139348947845108,1.354364383696831,1.0557398885310636,1.4444891933790263,4.161889645624816,1.208584437670355,6.472766757522159,5.3648366514443895,4.190368328534345,1.013649292964477,5.957240654681256,1.5913896883841177,2.1367603529390453,3.1392618806462043,1.61876237855299,0.8437472739497228,1.6216568553784472,2.38182406744507,3.0206908727768083,1.2917201763833024,1.5650229779247171,1.8896162582936227,1.378575414723908,2.9505930510710567,3.334729759564107,4.09955412816421,1.190687800233258,2.5864690020437746,2.654280624563404,5.022985154083585,0.9846516019971125,4.952676532545457,5.639104076911984,4.2242915767414315,1.4457464880201591,1.0924213407143912,6.3951875470860475,4.1329981619611145,6.2103508935305065,5.910872628129686,1.6504157289688435,0.8347007189450062,2.1147878190136025,1.510059460342717,3.847212953272358,1.0055705863815385,5.856339096885067,3.235354443008237
1120,13.30645161,48.99193549,0.302419355,20.26209677,0.907258065,0.302419355,0.907258065,5.611539657008618,6.608689263939057,2.641899260992552,1.7725595140569366,1.5027288229391242,5.221690810302979,2.1857685722896227,5.387722491414975,1.6926687157871927,1.068929685367917,2.3389869609178784,2.514530719412249,2.404797584285755,1.4108948270423354,1.2362113944540818,5.403542482583074,3.7674716871310503,1.8665836049172815,3.647476382156552,5.159666322739011,2.213302656109142,1.8300825810303518,4.769679959579929,0.8807591483366409,1.5555999151566233,5.932865729423565,5.754408666401563,2.0345071229220384,4.834745343522883,3.2268680420331757,0.895511269800411,2.9750034750343066,1.7537265477474548,5.181763013516873,0.873471707741819,3.0422924899593298,2.4372586305268196,2.9903410430040434,2.0768196136174346,1.4085140912981944,0.45725594774648837,5.037201489166411,1.5205835958992326,3.194772124764089,2.326651499909195,3.9802951861137137,1.774684359743886,0.9835836147840135,0.8877024178636145,2.2446757219556086,2.6289073617398016,1.1519780314855914,4.217676501957553,1.2991092615068969,1.0488610274689159,1.4062008444287681,4.163475466150366,1.1686503957693382,5.947887016532691,4.968010292986025,3.917042440554103,1.0216388516918784,5.188658118646112,1.5088544231099483,2.0126866001798,3.107960035109595,1.5526027510746978,0.8564130617361585,1.6884250758720405,2.4348730413772426,2.8567095288398603,1.2780981050528895,1.4737907881014616,1.7510491821994778,1.399861298691848,2.9347783783891166,2.9423735847801944,3.90848540837484,1.1533866504123755,2.483483745252891,2.5322473179496,5.097535734082391,0.9902704856864506,4.606651828350641,5.354231616060582,4.08056550133745,1.4609682356376104,1.0785197666903883,5.9302817377545995,4.039999630161578,6.056810479495008,6.122251652369796,1.6129498268645877,0.830601620656074,2.0759817601401673,1.4738827236719183,3.5719557129041744,1.01310010317014,5.832161414966219,2.8720638664211044
1130,9.240246407,52.97741273,0.308008214,21.25256674,0.924024641,0.924024641,1.232032854,5.712203890328505,5.680554378016607,2.3838211165733973,1.695163130723784,1.464515160480407,5.130816828774902,2.03406139527303,5.621194500993265,1.6526868479717862,1.053482482105067,2.0080062344505674,2.221017121171034,2.195135290982257,1.383082303487683,1.1681154287375353,5.525875341960694,3.3415671077952025,1.6989843392715365,3.640751675355148,4.739767158209332,1.9367803520708766,1.5937954644098489,5.482922111990652,0.9025215243818182,1.5111296358273345,6.151226725571383,5.730480031244996,1.8474780075215331,4.7066527638740645,2.9233524189211915,0.9116637240561059,3.0618613465895317,1.5909714296309176,4.767775156856786,0.8889791239751372,2.997708373185558,2.1476179828535185,3.275027535553904,1.9813912158365503,1.4039986906157766,0.487437818234736,4.176098888698402,1.392725288856765,3.3822890391270626,2.044378646479774,3.9613787036617434,1.5872883105384061,0.9868214640821871,0.901878360559606,1.9719400477797198,2.7510697938575723,1.1283405889692169,4.6372182617490205,1.2366550434324677,1.041288581428918,1.3704712542942576,4.137406304795831,1.1263333470164025,5.726762731023104,4.799864486780958,3.7851393715500716,1.041453819909523,4.4707851815988775,1.4079161709111765,1.7922705821950324,2.6420072139944453,1.5531443061259316,0.87666980814207,1.6488913079942342,2.323406966071773,2.5255091804878647,1.2622625428549537,1.3948315087775773,1.5984154667845165,1.3958022596672874,2.7534298635200276,2.4488392551832074,3.6610628303099064,1.0853965286873615,2.2328166219234564,2.536659742864394,4.821385525688826,0.9971754440721581,4.713108220252163,5.547284266306085,4.352493569139603,1.432125143669629,1.0731170530171281,5.736879345342857,4.363864844153182,6.109398986945195,7.213524598048827,1.4483010395944558,0.8399400645810611,1.9067861899227527,1.4066339284850646,3.115655102970815,1.0237906327355781,5.885300547666792,2.411727112332416
1140,25.79324463,31.32036847,0.307062436,21.49437052,2.456499488,1.53531218,0.307062436,3.941065590133044,4.221249352155376,2.2738362040206033,1.515002408032739,1.4826681976009863,4.220580482961139,1.8373820070625886,4.039003699516276,1.4823878242079973,1.037212505542333,1.6598334503114307,2.05440541841505,1.8341433086232461,1.248836857027992,1.124195456551156,4.098257160202689,2.6922259792872487,1.7309598852363886,3.2043614207623023,3.563713750635147,1.7557731997827195,1.7284918483791527,3.724760133215142,0.9273350177652211,1.4033006062381292,4.130642570087831,4.48749750940312,1.8603028908208343,3.4155056309224925,2.24302637810585,0.9205933120525187,2.3721355436049207,1.6390660255365708,3.7158541217571477,0.8820610787368967,2.410328940392811,2.115755775897915,2.4902992818633813,1.7053637322268556,1.3305126874804876,0.5493357606593464,3.577847500836903,1.264451186642217,2.5820061823951255,1.6592875326081196,3.0626397022297844,1.3732627315693098,0.9902921419928694,0.9121577663060685,1.6442701869864536,2.1658459042933527,1.1229900059219464,3.417086437103548,1.170191626351979,1.0330439766758297,1.3120153242823425,3.226522920706864,1.0716387673926755,3.8197369174307374,3.6056323780085817,2.879276078098967,0.9631133615040963,3.2759292908088082,1.3964050962646926,1.7217296273798222,2.4514684970226797,1.4177596042898861,0.8786550687689338,1.5049087751176917,1.928260574203596,2.2404433233175527,1.1613791986967694,1.3268326893137947,1.3596485642720721,1.2674915429830547,2.2834741915206336,1.9894210124065201,3.0662079445179793,1.1346740326838658,2.042069421640411,2.051070740030658,3.986186033983421,1.0047789385666446,3.284094522442918,3.984280486268089,3.282469129021316,1.3170934974680955,1.0317818193256425,3.8964185845390062,3.162349818551612,5.133856066006359,4.973964513159603,1.4680076506839344,0.8645188709159393,1.8924898199916265,1.3917153529007853,2.3862607000025777,0.990627582851038,4.294746381888124,1.960060861375306
1150,13.06818182,51.70454545,0.0,15.90909091,0.852272727,0.568181818,1.420454545,3.2380550920940854,3.257034091553244,1.9301804619972656,1.4828271086437177,1.381852476752425,3.427335385667689,1.6455339669885185,3.3683286512623534,1.4029975220114095,1.0371292777690289,1.433953326892867,1.7643389900726254,1.7244507774802997,1.2110253513876996,1.0849166971570299,3.423494983846726,2.322334396120865,1.526627746337235,2.756289951926343,2.9400499809091443,1.523658170275905,1.4835732634941716,3.256245452118459,0.9480078589810624,1.3806854461912166,3.3143352747871107,3.6005496244875204,1.6342339633747929,2.9135901049315507,1.9912999665470723,0.9383511609409626,2.2687827947727683,1.4536785614458845,2.9755527220226585,0.9175817730273568,2.132271397933461,1.7982956818863232,2.2755240924853357,1.6563367866918688,1.3475528035713553,0.6003057945049098,2.7097346132344846,1.1726639489055246,2.4296819034761423,1.4706312312561178,2.6271675289702325,1.2596764023191018,0.9909686530711779,0.930404775800507,1.4670364926979893,1.995963325380099,1.0936593091333713,3.104707449055115,1.1145410526482278,1.0274113350430691,1.2506132182564547,2.8403096176651226,1.0422096036756336,3.0327944485897014,2.9581701691836226,2.460376094638538,0.986611385760653,2.6139707397925664,1.2984450333865332,1.5010062339632864,2.065455663628339,1.346295098683631,0.9044411155308765,1.5089806151042517,1.8455437885006662,1.9721578660744497,1.1405226849470982,1.2423752747183339,1.2541660625518272,1.2604605604546826,2.086661710618906,1.6956318564298316,2.5762212865610343,1.0758683135054967,1.8381822161598314,1.8732507230194764,3.3403032446451775,1.0077053323339429,2.7986043459296766,3.2846451704888153,2.8429510299383627,1.3146775443704706,1.0201071464453804,3.135081003470576,2.817993052152929,4.032506091121922,4.357791803014467,1.362558763010314,0.8691740489708771,1.6929177410488356,1.298260348275903,2.049225709007133,0.9996374075621048,3.5874579727534415,1.6713348241348749
1160,10.55900621,57.14285714,0.310559006,12.42236025,0.931677019,3.726708075,2.173913043,2.7262790090586955,2.1916092337484496,1.480741910214639,1.1291348285472453,1.2660053642124884,2.4539442481480402,1.4516690849123504,2.618952782291881,1.3328090421712075,1.0197809085980387,1.2466852968473205,1.3664344089932843,1.2291094819007042,1.1649875864673664,1.0170981016654221,2.5379473397903793,1.568805772191404,1.2235383228327958,2.0769944856689175,2.0742077834248125,1.2647028432392358,1.1356516533043401,2.6596575231512403,0.9666204047143888,1.1139184437627063,2.714237294332017,2.625520648739656,1.2640864258247246,2.1482142591864104,1.528189522278081,0.9599156138801328,1.7438879327914667,1.1494759892230055,2.3139645631932235,0.9418922016729304,1.8818806415278568,1.4025084619942443,2.146211160475819,1.2508920300367778,1.0735707806103953,0.7167925684484612,1.809628494018287,1.101383791626639,1.9212443249469524,1.320562649651882,2.2360942923496747,1.1517842880040698,0.9947870341401502,0.9557574547015012,1.2195940051303338,1.8824512203640704,1.0479652267816497,2.357868589658276,1.0721220527792836,1.017911592893663,1.194404943050374,2.0581196287121815,1.0245806406062803,2.493620425023508,2.40709104698237,2.0911613282543664,1.032759490278696,2.0560602489154656,1.1961648151464366,1.2166602002465503,1.2838144172646961,1.3828876422782206,0.9487682684060542,1.125543131516276,1.3240074637774968,1.4067757180614924,1.1141396034746154,1.202187278408847,1.186714390917974,1.1363600195260013,1.5037708449900125,1.328018431830183,1.9183497226641775,0.9832549006520438,1.3405294644867738,1.7441037052105655,2.0725860419056286,1.007586286573983,2.465670351849444,2.661951864779707,2.43486163567951,1.1199028576208483,1.0544356122685086,2.5067624565579347,2.3804227333194223,2.8897537055611897,2.9159845522530254,1.0060248315681224,0.956007305626502,1.2672163349164651,1.1571469491133566,1.5146489233780511,1.0116588592265414,2.4766843243748373,1.3095727174186225
1170,17.55952381,54.16666666,0.0,10.11904762,1.19047619,1.19047619,1.488095238,1.951345849811164,1.5347796560523115,1.1814931904106545,1.024217731769665,1.1211892992558328,1.6875010848162466,1.240024657089321,1.850535612984171,1.2203310384207544,1.0184462453787608,1.101221129370374,1.1212412191498278,1.0637152254847326,1.1011277919825735,0.9960170266188961,1.7806473571878936,1.209499291569625,1.0379874536573441,1.5245519394821183,1.5021065336388415,1.085083851696487,0.9449593719937246,1.9248313428002666,0.9844299546069368,1.0286552910947662,1.9201167538062958,1.7748307028549033,1.0526274093112227,1.5916756312442462,1.26910515252902,0.98222750085054,1.4358614203467195,0.9771304003101686,1.6589559158259828,0.9871348382362332,1.5277138242746189,1.127099944183886,1.7319664109090316,1.1058294528102701,1.00527044067785,0.8247676004250812,1.2606462321307041,1.0424445479761897,1.5344603631091585,1.1894987482346036,1.694554071137595,1.0779976858757812,0.9957882620111264,0.9801246931983687,1.0857631984807017,1.5745856549573478,1.0137208841130814,1.7446361625939397,1.0300875638037776,1.0109174863696662,1.1112982549595454,1.5375838964657866,1.0115049071881745,1.8120354686244784,1.7437884438082505,1.6079367660629156,1.052268241590091,1.5494041703154962,1.08601580967623,1.039043668238891,0.9787947744080513,1.2766663762128974,0.985469265128582,1.022788946879433,1.128065742457655,1.138958661152768,1.073393734470114,1.1171645733132465,1.108539465044317,1.0733362150288075,1.2279692546233523,1.1293289097827732,1.4440765755296388,0.9327563892355286,1.1122476483365102,1.4787741173917806,1.4499793768964442,1.0053358931021164,1.859327134839829,1.8906057626152872,1.8177822040309661,1.0551190856131676,1.0436709875791894,1.803312786440499,1.8119165948055014,1.8546532405091076,1.9488733380118175,0.8907347176552383,0.9878829574644024,1.0531354489221374,1.0490494492607731,1.2396198280745825,1.0175776813944446,1.7248736924686883,1.1137008610445802
1180,39.1440501,38.8308977,0.313152401,6.889352818,1.878914405,0.313152401,0.313152401,1.0,1.0,1.0,1.0,1.0,1.0,1.0,1.0,1.0,1.0,1.0,1.0,1.0,1.0,1.0,1.0,1.0,1.0,1.0,1.0,1.0,1.0,1.0,1.0,1.0,1.0,1.0,1.0,1.0,1.0,1.0,1.0,1.0,1.0,1.0,1.0,1.0,1.0,1.0,1.0,1.0,1.0,1.0,1.0,1.0,1.0,1.0,1.0,1.0,1.0,1.0,1.0,1.0,1.0,1.0,1.0,1.0,1.0,1.0,1.0,1.0,1.0,1.0,1.0,1.0,1.0,1.0,1.0,1.0,1.0,1.0,1.0,1.0,1.0,1.0,1.0,1.0,1.0,1.0,1.0,1.0,1.0,1.0,1.0,1.0,1.0,1.0,1.0,1.0,1.0,1.0,1.0,1.0,1.0,1.0,1.0,1.0,1.0,1.0,1.0
